Voltage,constant Z Load,constant Z Load - real power P,constant I Load,constant I Load - real power P,constant P Load,constant P Load - real power P
0.8,(0.9090909090909091-0.0909090909090909j),(1280.0000000000002+0j),(1.1363636363636362-0.1136363636363636j),(1600+0j),(1.4204545454545452-0.14204545454545453j),(2000+0j)
0.8007007007007008,(0.9090909090909091-0.0909090909090909j),(1282.2432242051864+0j),(1.135369193876507-0.1135369193876507j),(1601.4014014014015+0j),(1.4179695270441686-0.14179695270441686j),(2000+0j)
0.8014014014014015,(0.9090909090909091-0.0909090909090909j),(1284.4884123362606+0j),(1.134376490359503-0.1134376490359503j),(1602.802802802803+0j),(1.4154910240683776-0.14154910240683777j),(2000+0j)
0.8021021021021022,(0.9090909090909091-0.09090909090909088j),(1286.7355643932224+0j),(1.1333855212552328-0.11333855212552325j),(1604.2042042042044+0j),(1.4130190137700955-0.14130190137700957j),(2000+0j)
0.8028028028028028,(0.9090909090909092-0.09090909090909094j),(1288.9846803760718+0j),(1.1323962820222173-0.11323962820222172j),(1605.6056056056057+0j),(1.4105534734915148-0.1410553473491515j),(2000+0j)
0.8035035035035035,(0.9090909090909091-0.09090909090909091j),(1291.2357602848094+0j),(1.131408768134818-0.11314087681348178j),(1607.0070070070071+0j),(1.4080943806735802-0.14080943806735802j),(2000+0j)
0.8042042042042042,(0.9090909090909091-0.09090909090909091j),(1293.4888041194347+0j),(1.1304229750831691-0.11304229750831692j),(1608.4084084084084+0j),(1.4056417128554717-0.14056417128554718j),(2000+0j)
0.804904904904905,(0.9090909090909091-0.09090909090909091j),(1295.7438118799482+0j),(1.1294388983731105-0.11294388983731106j),(1609.8098098098098+0j),(1.4031954476740918-0.14031954476740918j),(2000+0j)
0.8056056056056057,(0.9090909090909091-0.09090909090909091j),(1298.0007835663494+0j),(1.128456533526116-0.11284565335261162j),(1611.2112112112113+0j),(1.4007555628635555-0.14007555628635557j),(2000+0j)
0.8063063063063064,(0.9090909090909092-0.09090909090909091j),(1300.2597191786385+0j),(1.1274758760792276-0.11274758760792274j),(1612.6126126126128+0j),(1.3983220362546847-0.1398322036254685j),(2000+0j)
0.807007007007007,(0.9090909090909091-0.09090909090909088j),(1302.520618716815+0j),(1.1264969215849892-0.11264969215849892j),(1614.014014014014+0j),(1.3958948457745024-0.13958948457745024j),(2000+0j)
0.8077077077077077,(0.9090909090909092-0.09090909090909094j),(1304.7834821808797+0j),(1.1255196656113748-0.11255196656113749j),(1615.4154154154155+0j),(1.3934739694457345-0.13934739694457346j),(2000+0j)
0.8084084084084084,(0.9090909090909091-0.09090909090909088j),(1307.0483095708323+0j),(1.1245441037417263-0.11245441037417263j),(1616.816816816817+0j),(1.3910593853863105-0.13910593853863104j),(2000+0j)
0.8091091091091092,(0.9090909090909091-0.09090909090909093j),(1309.3151008866726+0j),(1.1235702315746854-0.11235702315746857j),(1618.2182182182182+0j),(1.3886510718088712-0.13886510718088713j),(2000+0j)
0.8098098098098099,(0.9090909090909092-0.09090909090909093j),(1311.5838561284008+0j),(1.1225980447241262-0.11225980447241261j),(1619.6196196196197+0j),(1.3862490070202744-0.13862490070202743j),(2000+0j)
0.8105105105105106,(0.9090909090909091-0.0909090909090909j),(1313.8545752960172+0j),(1.121627538819091-0.11216275388190909j),(1621.0210210210212+0j),(1.3838531694211087-0.13838531694211087j),(2000+0j)
0.8112112112112112,(0.9090909090909092-0.09090909090909093j),(1316.1272583895206+0j),(1.1206587095037241-0.11206587095037243j),(1622.4224224224224+0j),(1.3814635375052078-0.13814635375052078j),(2000+0j)
0.8119119119119119,(0.9090909090909092-0.09090909090909094j),(1318.4019054089124+0j),(1.1196915524372066-0.11196915524372066j),(1623.823823823824+0j),(1.3790800898591657-0.13790800898591657j),(2000+0j)
0.8126126126126126,(0.9090909090909092-0.0909090909090909j),(1320.6785163541922+0j),(1.118726063293691-0.11187260632936911j),(1625.2252252252254+0j),(1.3767028051618588-0.13767028051618588j),(2000+0j)
0.8133133133133134,(0.9090909090909091-0.0909090909090909j),(1322.9570912253596+0j),(1.1177622377622376-0.11177622377622376j),(1626.6266266266266+0j),(1.3743316621839696-0.13743316621839696j),(2000+0j)
0.8140140140140141,(0.9090909090909092-0.09090909090909091j),(1325.2376300224148+0j),(1.1168000715467512-0.11168000715467515j),(1628.028028028028+0j),(1.3719666397875117-0.1371966639787512j),(2000+0j)
0.8147147147147148,(0.9090909090909091-0.09090909090909091j),(1327.5201327453583+0j),(1.1158395603659146-0.11158395603659148j),(1629.4294294294295+0j),(1.3696077169253578-0.1369607716925358j),(2000+0j)
0.8154154154154155,(0.9090909090909092-0.09090909090909094j),(1329.8045993941894+0j),(1.1148806999531278-0.1114880699953128j),(1630.830830830831+0j),(1.367254872640774-0.13672548726407743j),(2000+0j)
0.8161161161161161,(0.9090909090909091-0.09090909090909093j),(1332.0910299689078+0j),(1.113923486056443-0.1113923486056443j),(1632.2322322322323+0j),(1.364908086066953-0.13649080860669527j),(2000+0j)
0.8168168168168168,(0.9090909090909092-0.09090909090909093j),(1334.3794244695146+0j),(1.1129679144385025-0.11129679144385024j),(1633.6336336336337+0j),(1.362567336426549-0.13625673364265492j),(2000+0j)
0.8175175175175176,(0.9090909090909092-0.09090909090909093j),(1336.6697828960093+0j),(1.1120139808764762-0.1112013980876476j),(1635.0350350350352+0j),(1.3602326030312226-0.13602326030312226j),(2000+0j)
0.8182182182182183,(0.9090909090909091-0.09090909090909091j),(1338.9621052483917+0j),(1.111061681161999-0.11110616811619996j),(1636.4364364364365+0j),(1.3579038652811808-0.13579038652811812j),(2000+0j)
0.818918918918919,(0.9090909090909091-0.09090909090909088j),(1341.256391526662+0j),(1.1101110111011099-0.11101110111011099j),(1637.837837837838+0j),(1.3555811026647215-0.13555811026647216j),(2000+0j)
0.8196196196196197,(0.9090909090909091-0.09090909090909088j),(1343.5526417308201+0j),(1.109161966514189-0.11091619665141891j),(1639.2392392392394+0j),(1.3532642947577855-0.13532642947577855j),(2000+0j)
0.8203203203203203,(0.9090909090909091-0.0909090909090909j),(1345.850855860866+0j),(1.1082145432358974-0.11082145432358974j),(1640.6406406406406+0j),(1.3509534212235041-0.13509534212235041j),(2000+0j)
0.821021021021021,(0.9090909090909091-0.09090909090909091j),(1348.1510339167996+0j),(1.1072687371151162-0.11072687371151164j),(1642.042042042042+0j),(1.348648461811754-0.13486484618117542j),(2000+0j)
0.8217217217217218,(0.9090909090909091-0.0909090909090909j),(1350.4531758986213+0j),(1.106324544014884-0.11063245440148838j),(1643.4434434434436+0j),(1.3463493963587148-0.13463493963587148j),(2000+0j)
0.8224224224224225,(0.9090909090909092-0.09090909090909093j),(1352.7572818063309+0j),(1.1053819598123396-0.11053819598123395j),(1644.844844844845+0j),(1.3440562047864255-0.13440562047864255j),(2000+0j)
0.8231231231231232,(0.9090909090909092-0.09090909090909091j),(1355.0633516399284+0j),(1.1044409803986601-0.11044409803986603j),(1646.2462462462463+0j),(1.3417688671023484-0.13417688671023484j),(2000+0j)
0.8238238238238239,(0.9090909090909091-0.09090909090909093j),(1357.3713853994136+0j),(1.1035016016790014-0.11035016016790015j),(1647.6476476476478+0j),(1.3394873633989335-0.13394873633989338j),(2000+0j)
0.8245245245245245,(0.9090909090909091-0.09090909090909091j),(1359.6813830847864+0j),(1.102563819572439-0.1102563819572439j),(1649.049049049049+0j),(1.3372116738531827-0.13372116738531825j),(2000+0j)
0.8252252252252252,(0.9090909090909091-0.0909090909090909j),(1361.9933446960474+0j),(1.1016276300119097-0.11016276300119097j),(1650.4504504504505+0j),(1.334941778726222-0.13349417787262222j),(2000+0j)
0.825925925925926,(0.9090909090909092-0.09090909090909091j),(1364.3072702331963+0j),(1.10069302894415-0.11006930289441502j),(1651.851851851852+0j),(1.332677658362872-0.13326776583628722j),(2000+0j)
0.8266266266266267,(0.9090909090909091-0.09090909090909091j),(1366.6231596962327+0j),(1.0997600123296418-0.10997600123296418j),(1653.2532532532534+0j),(1.330419293191223-0.13304192931912232j),(2000+0j)
0.8273273273273274,(0.9090909090909092-0.09090909090909093j),(1368.9410130851575+0j),(1.0988285761425507-0.10988285761425508j),(1654.6546546546547+0j),(1.3281666637222118-0.1328166663722212j),(2000+0j)
0.8280280280280281,(0.9090909090909091-0.09090909090909091j),(1371.2608303999698+0j),(1.0978987163706697-0.10978987163706701j),(1656.0560560560561+0j),(1.3259197505492009-0.1325919750549201j),(2000+0j)
0.8287287287287288,(0.9090909090909091-0.0909090909090909j),(1373.58261164067+0j),(1.096970429015362-0.10969704290153619j),(1657.4574574574576+0j),(1.3236785343475617-0.13236785343475616j),(2000+0j)
0.8294294294294294,(0.9090909090909092-0.0909090909090909j),(1375.906356807258+0j),(1.0960437100915013-0.10960437100915013j),(1658.8588588588589+0j),(1.3214429958742575-0.13214429958742577j),(2000+0j)
0.8301301301301302,(0.9090909090909092-0.09090909090909093j),(1378.2320658997335+0j),(1.0951185556274186-0.10951185556274184j),(1660.2602602602603+0j),(1.3192131159674314-0.13192131159674314j),(2000+0j)
0.8308308308308309,(0.9090909090909091-0.0909090909090909j),(1380.5597389180975+0j),(1.0941949616648412-0.10941949616648411j),(1661.6616616616618+0j),(1.3169888755459953-0.13169888755459955j),(2000+0j)
0.8315315315315316,(0.9090909090909091-0.09090909090909093j),(1382.889375862349+0j),(1.0932729242588397-0.10932729242588396j),(1663.0630630630633+0j),(1.3147702556092218-0.1314770255609222j),(2000+0j)
0.8322322322322323,(0.9090909090909088-0.09090909090909087j),(1385.2209767324885+0j),(1.09235243947777-0.109235243947777j),(1664.4644644644645+0j),(1.3125572372363388-0.1312557237236339j),(2000+0j)
0.832932932932933,(0.9090909090909091-0.09090909090909091j),(1387.5545415285158+0j),(1.0914335034032185-0.10914335034032185j),(1665.865865865866+0j),(1.3103498015861255-0.13103498015861256j),(2000+0j)
0.8336336336336336,(0.9090909090909092-0.09090909090909094j),(1389.8900702504307+0j),(1.090516112129945-0.10905161121299449j),(1667.2672672672672+0j),(1.3081479298965117-0.1308147929896512j),(2000+0j)
0.8343343343343343,(0.9090909090909088-0.09090909090909088j),(1392.2275628982336+0j),(1.0896002617658287-0.10896002617658286j),(1668.6686686686687+0j),(1.3059516034841783-0.1305951603484178j),(2000+0j)
0.8350350350350351,(0.9090909090909091-0.09090909090909093j),(1394.5670194719244+0j),(1.0886859484318125-0.10886859484318126j),(1670.0700700700702+0j),(1.303760803744163-0.13037608037441634j),(2000+0j)
0.8357357357357358,(0.9090909090909088-0.09090909090909087j),(1396.9084399715032+0j),(1.0877731682618494-0.10877731682618494j),(1671.4714714714717+0j),(1.3015755121494639-0.1301575512149464j),(2000+0j)
0.8364364364364365,(0.9090909090909091-0.09090909090909091j),(1399.2518243969698+0j),(1.086861917402846-0.10868619174028463j),(1672.872872872873+0j),(1.2993957102506497-0.12993957102506498j),(2000+0j)
0.8371371371371372,(0.9090909090909088-0.09090909090909087j),(1401.597172748324+0j),(1.0859521920146098-0.10859521920146098j),(1674.2742742742744+0j),(1.2972213796754692-0.12972213796754692j),(2000+0j)
0.8378378378378378,(0.9090909090909092-0.0909090909090909j),(1403.944485025566+0j),(1.0850439882697949-0.10850439882697951j),(1675.6756756756756+0j),(1.295052502128465-0.1295052502128465j),(2000+0j)
0.8385385385385385,(0.9090909090909091-0.09090909090909093j),(1406.293761228696+0j),(1.0841373023538476-0.10841373023538477j),(1677.077077077077+0j),(1.292889059390586-0.1292889059390586j),(2000+0j)
0.8392392392392393,(0.9090909090909092-0.09090909090909093j),(1408.6450013577141+0j),(1.0832321304649548-0.10832321304649548j),(1678.4784784784786+0j),(1.2907310333188093-0.12907310333188096j),(2000+0j)
0.83993993993994,(0.9090909090909091-0.0909090909090909j),(1410.99820541262+0j),(1.0823284688139891-0.10823284688139892j),(1679.87987987988+0j),(1.2885784058457572-0.12885784058457572j),(2000+0j)
0.8406406406406407,(0.9090909090909091-0.09090909090909091j),(1413.3533733934137+0j),(1.0814263136244562-0.1081426313624456j),(1681.2812812812815+0j),(1.286431158979318-0.1286431158979318j),(2000+0j)
0.8413413413413414,(0.9090909090909091-0.09090909090909094j),(1415.710505300095+0j),(1.0805256611324427-0.10805256611324426j),(1682.6826826826828+0j),(1.2842892748022725-0.12842892748022725j),(2000+0j)
0.842042042042042,(0.9090909090909088-0.09090909090909087j),(1418.069601132664+0j),(1.0796265075865648-0.10796265075865646j),(1684.084084084084+0j),(1.2821527354719187-0.12821527354719187j),(2000+0j)
0.8427427427427427,(0.9090909090909091-0.09090909090909091j),(1420.4306608911215+0j),(1.0787288492479132-0.10787288492479134j),(1685.4854854854855+0j),(1.2800215232196999-0.12800215232197001j),(2000+0j)
0.8434434434434435,(0.9090909090909092-0.09090909090909091j),(1422.7936845754666+0j),(1.0778326823900048-0.10778326823900049j),(1686.886886886887+0j),(1.2778956203508365-0.12778956203508365j),(2000+0j)
0.8441441441441442,(0.9090909090909092-0.09090909090909091j),(1425.1586721856993+0j),(1.076938003298729-0.10769380032987287j),(1688.2882882882884+0j),(1.2757750092439586-0.12757750092439585j),(2000+0j)
0.8448448448448449,(0.9090909090909091-0.0909090909090909j),(1427.52562372182+0j),(1.0760448082722964-0.10760448082722963j),(1689.6896896896899+0j),(1.2736596723507392-0.1273659672350739j),(2000+0j)
0.8455455455455456,(0.9090909090909092-0.09090909090909094j),(1429.8945391838288+0j),(1.0751530936211888-0.10751530936211888j),(1691.0910910910911+0j),(1.2715495921955338-0.1271549592195534j),(2000+0j)
0.8462462462462463,(0.9090909090909092-0.09090909090909093j),(1432.2654185717251+0j),(1.0742628556681075-0.10742628556681075j),(1692.4924924924926+0j),(1.2694447513750167-0.12694447513750165j),(2000+0j)
0.8469469469469469,(0.9090909090909091-0.0909090909090909j),(1434.638261885509+0j),(1.0733740907479234-0.10733740907479233j),(1693.8938938938938+0j),(1.2673451325578249-0.12673451325578247j),(2000+0j)
0.8476476476476477,(0.9090909090909091-0.09090909090909091j),(1437.0130691251811+0j),(1.0724867952076265-0.10724867952076264j),(1695.2952952952953+0j),(1.265250718484198-0.12652507184841977j),(2000+0j)
0.8483483483483484,(0.9090909090909092-0.09090909090909094j),(1439.3898402907412+0j),(1.0716009654062753-0.10716009654062751j),(1696.6966966966968+0j),(1.2631614919656267-0.12631614919656267j),(2000+0j)
0.8490490490490491,(0.9090909090909091-0.09090909090909093j),(1441.768575382189+0j),(1.0707165977149473-0.10707165977149473j),(1698.0980980980983+0j),(1.2610774358844987-0.12610774358844987j),(2000+0j)
0.8497497497497498,(0.9090909090909091-0.09090909090909091j),(1444.1492743995248+0j),(1.0698336885166901-0.106983368851669j),(1699.4994994994997+0j),(1.2589985331937488-0.1258998533193749j),(2000+0j)
0.8504504504504505,(0.9090909090909091-0.0909090909090909j),(1446.5319373427485+0j),(1.0689522342064712-0.10689522342064713j),(1700.900900900901+0j),(1.2569247669165073-0.12569247669165073j),(2000+0j)
0.8511511511511511,(0.9090909090909091-0.09090909090909088j),(1448.9165642118596+0j),(1.0680722311911306-0.10680722311911306j),(1702.3023023023022+0j),(1.2548561201457593-0.12548561201457592j),(2000+0j)
0.8518518518518519,(0.9090909090909091-0.0909090909090909j),(1451.3031550068588+0j),(1.0671936758893281-0.10671936758893281j),(1703.7037037037037+0j),(1.2527925760439937-0.12527925760439937j),(2000+0j)
0.8525525525525526,(0.9090909090909091-0.09090909090909091j),(1453.6917097277458+0j),(1.0663165647314996-0.10663165647314997j),(1705.1051051051052+0j),(1.2507341178428648-0.1250734117842865j),(2000+0j)
0.8532532532532533,(0.9090909090909092-0.09090909090909094j),(1456.0822283745208+0j),(1.0654408941598055-0.10654408941598054j),(1706.5065065065066+0j),(1.2486807288428503-0.12486807288428506j),(2000+0j)
0.853953953953954,(0.9090909090909092-0.09090909090909094j),(1458.4747109471837+0j),(1.0645666606280837-0.10645666606280837j),(1707.907907907908+0j),(1.2466323924129121-0.12466323924129123j),(2000+0j)
0.8546546546546547,(0.9090909090909091-0.0909090909090909j),(1460.8691574457341+0j),(1.0636938606018016-0.10636938606018016j),(1709.3093093093094+0j),(1.2445890919901612-0.12445890919901612j),(2000+0j)
0.8553553553553555,(0.9090909090909091-0.09090909090909091j),(1463.2655678701726+0j),(1.0628224905580084-0.10628224905580085j),(1710.7107107107108+0j),(1.2425508110795205-0.12425508110795205j),(2000+0j)
0.8560560560560561,(0.9090909090909091-0.0909090909090909j),(1465.663942220499+0j),(1.061952546985288-0.1061952546985288j),(1712.112112112112+0j),(1.2405175332533938-0.12405175332533937j),(2000+0j)
0.8567567567567568,(0.9090909090909091-0.09090909090909088j),(1468.064280496713+0j),(1.061084026383711-0.10610840263837108j),(1713.5135135135135+0j),(1.2384892421513343-0.12384892421513345j),(2000+0j)
0.8574574574574575,(0.9090909090909092-0.09090909090909093j),(1470.466582698815+0j),(1.060216925264789-0.1060216925264789j),(1714.914914914915+0j),(1.2364659214797151-0.1236465921479715j),(2000+0j)
0.8581581581581582,(0.9090909090909092-0.09090909090909091j),(1472.870848826805+0j),(1.0593512401514267-0.10593512401514267j),(1716.3163163163165+0j),(1.2344475550114022-0.12344475550114022j),(2000+0j)
0.8588588588588589,(0.9090909090909092-0.0909090909090909j),(1475.277078880683+0j),(1.0584869675778765-0.10584869675778769j),(1717.717717717718+0j),(1.2324341265854295-0.12324341265854295j),(2000+0j)
0.8595595595595596,(0.9090909090909092-0.09090909090909094j),(1477.6852728604483+0j),(1.0576241040896914-0.10576241040896915j),(1719.1191191191192+0j),(1.2304256201066748-0.12304256201066746j),(2000+0j)
0.8602602602602603,(0.9090909090909092-0.0909090909090909j),(1480.0954307661013+0j),(1.0567626462436797-0.10567626462436797j),(1720.5205205205204+0j),(1.2284220195455384-0.12284220195455385j),(2000+0j)
0.860960960960961,(0.9090909090909091-0.0909090909090909j),(1482.5075525976429+0j),(1.0559025906078574-0.10559025906078572j),(1721.921921921922+0j),(1.2264233089376229-0.12264233089376228j),(2000+0j)
0.8616616616616617,(0.9090909090909091-0.09090909090909091j),(1484.9216383550718+0j),(1.0550439337614057-0.10550439337614058j),(1723.3233233233234+0j),(1.224429472383416-0.12244294723834162j),(2000+0j)
0.8623623623623624,(0.9090909090909091-0.09090909090909088j),(1487.337688038389+0j),(1.0541866722946236-0.10541866722946236j),(1724.7247247247249+0j),(1.222440494047973-0.1222440494047973j),(2000+0j)
0.8630630630630631,(0.9090909090909091-0.09090909090909091j),(1489.7557016475937+0j),(1.0533308028088821-0.10533308028088821j),(1726.1261261261263+0j),(1.2204563581606043-0.12204563581606043j),(2000+0j)
0.8637637637637638,(0.9090909090909091-0.0909090909090909j),(1492.1756791826865+0j),(1.0524763219165814-0.10524763219165816j),(1727.5275275275276+0j),(1.2184770490145609-0.12184770490145608j),(2000+0j)
0.8644644644644646,(0.9090909090909091-0.0909090909090909j),(1494.5976206436671+0j),(1.0516232262411045-0.10516232262411046j),(1728.928928928929+0j),(1.2165025509667247-0.12165025509667246j),(2000+0j)
0.8651651651651652,(0.9090909090909091-0.0909090909090909j),(1497.0215260305351+0j),(1.0507715124167745-0.10507715124167744j),(1730.3303303303303+0j),(1.2145328484372993-0.12145328484372993j),(2000+0j)
0.8658658658658659,(0.9090909090909091-0.0909090909090909j),(1499.4473953432914+0j),(1.049921177088807-0.10499211770888071j),(1731.7317317317318+0j),(1.2125679259095008-0.12125679259095008j),(2000+0j)
0.8665665665665666,(0.9090909090909091-0.0909090909090909j),(1501.8752285819355+0j),(1.04907221691327-0.104907221691327j),(1733.1331331331332+0j),(1.210607767929256-0.12106077679292562j),(2000+0j)
0.8672672672672673,(0.9090909090909092-0.09090909090909094j),(1504.3050257464674+0j),(1.0482246285570385-0.10482246285570386j),(1734.5345345345347+0j),(1.2086523591048952-0.12086523591048953j),(2000+0j)
0.867967967967968,(0.9090909090909091-0.09090909090909094j),(1506.7367868368872+0j),(1.047378408697749-0.10473784086977488j),(1735.9359359359362+0j),(1.2067016841068516-0.12067016841068519j),(2000+0j)
0.8686686686686687,(0.9090909090909091-0.09090909090909091j),(1509.1705118531943+0j),(1.046533554023759-0.10465335540237594j),(1737.3373373373372+0j),(1.2047557276673604-0.12047557276673604j),(2000+0j)
0.8693693693693694,(0.9090909090909091-0.09090909090909088j),(1511.6062007953901+0j),(1.0456900612341025-0.10456900612341025j),(1738.7387387387387+0j),(1.2028144745801592-0.12028144745801592j),(2000+0j)
0.8700700700700701,(0.9090909090909092-0.09090909090909094j),(1514.0438536634733+0j),(1.044847927038447-0.1044847927038447j),(1740.1401401401401+0j),(1.2008779097001938-0.12008779097001938j),(2000+0j)
0.8707707707707708,(0.9090909090909091-0.09090909090909091j),(1516.4834704574446+0j),(1.0440071481570503-0.10440071481570505j),(1741.5415415415416+0j),(1.1989460179433191-0.11989460179433194j),(2000+0j)
0.8714714714714715,(0.9090909090909092-0.09090909090909091j),(1518.9250511773037+0j),(1.043167721320719-0.10431677213207188j),(1742.942942942943+0j),(1.1970187842860078-0.11970187842860078j),(2000+0j)
0.8721721721721722,(0.9090909090909092-0.09090909090909091j),(1521.3685958230506+0j),(1.0423296432707658-0.10423296432707659j),(1744.3443443443446+0j),(1.1950961937650577-0.11950961937650575j),(2000+0j)
0.872872872872873,(0.9090909090909092-0.09090909090909094j),(1523.8141043946853+0j),(1.0414929107589657-0.10414929107589656j),(1745.745745745746+0j),(1.1931782314773012-0.11931782314773012j),(2000+0j)
0.8735735735735736,(0.9090909090909091-0.09090909090909091j),(1526.2615768922074+0j),(1.040657520547517-0.10406575205475171j),(1747.147147147147+0j),(1.1912648825793166-0.11912648825793165j),(2000+0j)
0.8742742742742743,(0.9090909090909091-0.0909090909090909j),(1528.711013315618+0j),(1.0398234694089972-0.10398234694089974j),(1748.5485485485485+0j),(1.18935613228714-0.11893561322871399j),(2000+0j)
0.874974974974975,(0.9090909090909091-0.09090909090909093j),(1531.1624136649161+0j),(1.038990754126322-0.1038990754126322j),(1749.94994994995+0j),(1.187451965875982-0.11874519658759819j),(2000+0j)
0.8756756756756757,(0.9090909090909092-0.09090909090909091j),(1533.6157779401026+0j),(1.0381593714927047-0.10381593714927048j),(1751.3513513513515+0j),(1.1855523686799405-0.11855523686799407j),(2000+0j)
0.8763763763763764,(0.9090909090909092-0.09090909090909094j),(1536.0711061411764+0j),(1.0373293183116141-0.1037329318311614j),(1752.752752752753+0j),(1.1836573260917216-0.11836573260917219j),(2000+0j)
0.8770770770770772,(0.9090909090909088-0.09090909090909088j),(1538.5283982681383+0j),(1.0365005913967336-0.10365005913967335j),(1754.1541541541544+0j),(1.1817668235623564-0.11817668235623566j),(2000+0j)
0.8777777777777778,(0.9090909090909092-0.09090909090909093j),(1540.9876543209878+0j),(1.0356731875719216-0.10356731875719216j),(1755.5555555555554+0j),(1.1798808466009234-0.11798808466009233j),(2000+0j)
0.8784784784784785,(0.9090909090909092-0.09090909090909093j),(1543.4488742997253+0j),(1.0348471036711693-0.10348471036711693j),(1756.956956956957+0j),(1.1779993807742686-0.11779993807742686j),(2000+0j)
0.8791791791791792,(0.9090909090909091-0.09090909090909091j),(1545.9120582043506+0j),(1.034022336538561-0.10340223365385609j),(1758.3583583583584+0j),(1.1761224117067315-0.11761224117067315j),(2000+0j)
0.8798798798798799,(0.9090909090909092-0.0909090909090909j),(1548.377206034864+0j),(1.0331988830282344-0.10331988830282343j),(1759.7597597597598+0j),(1.1742499250798706-0.11742499250798707j),(2000+0j)
0.8805805805805806,(0.9090909090909091-0.09090909090909091j),(1550.844317791265+0j),(1.0323767400043404-0.10323767400043404j),(1761.1611611611613+0j),(1.1723819066321879-0.11723819066321879j),(2000+0j)
0.8812812812812814,(0.9090909090909092-0.09090909090909091j),(1553.313393473554+0j),(1.0315559043410019-0.10315559043410016j),(1762.5625625625628+0j),(1.1705183421588603-0.11705183421588605j),(2000+0j)
0.8819819819819821,(0.9090909090909092-0.09090909090909091j),(1555.7844330817309+0j),(1.030736372922277-0.1030736372922277j),(1763.9639639639643+0j),(1.1686592175114678-0.1168659217511468j),(2000+0j)
0.8826826826826827,(0.9090909090909091-0.09090909090909093j),(1558.257436615795+0j),(1.029918142642116-0.10299181426421161j),(1765.3653653653653+0j),(1.1668045185977252-0.11668045185977252j),(2000+0j)
0.8833833833833834,(0.9090909090909091-0.0909090909090909j),(1560.7324040757476+0j),(1.0291012104043264-0.10291012104043264j),(1766.7667667667668+0j),(1.164954231381215-0.1164954231381215j),(2000+0j)
0.8840840840840841,(0.9090909090909092-0.09090909090909093j),(1563.209335461588+0j),(1.0282855731225293-0.10282855731225292j),(1768.1681681681682+0j),(1.163108341881122-0.11631083418811222j),(2000+0j)
0.8847847847847848,(0.9090909090909091-0.09090909090909091j),(1565.688230773316+0j),(1.0274712277201246-0.10274712277201245j),(1769.5695695695697+0j),(1.1612668361719702-0.11612668361719705j),(2000+0j)
0.8854854854854856,(0.9090909090909092-0.09090909090909091j),(1568.1690900109322+0j),(1.026658171130249-0.1026658171130249j),(1770.9709709709712+0j),(1.1594297003833578-0.11594297003833579j),(2000+0j)
0.8861861861861862,(0.9090909090909091-0.09090909090909091j),(1570.6519131744355+0j),(1.0258464002957395-0.10258464002957396j),(1772.3723723723724+0j),(1.1575969206996992-0.11575969206996992j),(2000+0j)
0.8868868868868869,(0.9090909090909091-0.09090909090909091j),(1573.1367002638274+0j),(1.0250359121690948-0.1025035912169095j),(1773.7737737737737+0j),(1.1557684833599615-0.11557684833599616j),(2000+0j)
0.8875875875875876,(0.9090909090909091-0.09090909090909091j),(1575.623451279107+0j),(1.0242267037124373-0.10242267037124374j),(1775.1751751751751+0j),(1.1539443746574092-0.11539443746574092j),(2000+0j)
0.8882882882882883,(0.9090909090909091-0.0909090909090909j),(1578.1121662202745+0j),(1.0234187718974737-0.10234187718974737j),(1776.5765765765766+0j),(1.1521245809393466-0.11521245809393468j),(2000+0j)
0.888988988988989,(0.9090909090909091-0.0909090909090909j),(1580.6028450873298+0j),(1.0226121137054591-0.10226121137054592j),(1777.977977977978+0j),(1.1503090886068612-0.11503090886068612j),(2000+0j)
0.8896896896896898,(0.9090909090909091-0.09090909090909091j),(1583.095487880273+0j),(1.0218067261271582-0.1021806726127158j),(1779.3793793793795+0j),(1.1484978841145712-0.11484978841145714j),(2000+0j)
0.8903903903903905,(0.9090909090909091-0.09090909090909093j),(1585.5900945991038+0j),(1.0210026061628086-0.10210026061628087j),(1780.780780780781+0j),(1.1466909539703716-0.11466909539703718j),(2000+0j)
0.8910910910910911,(0.9090909090909092-0.09090909090909093j),(1588.0866652438224+0j),(1.0201997508220833-0.10201997508220834j),(1782.1821821821823+0j),(1.144888284735184-0.11448882847351842j),(2000+0j)
0.8917917917917918,(0.9090909090909092-0.09090909090909094j),(1590.5851998144292+0j),(1.0193981571240522-0.10193981571240525j),(1783.5835835835835+0j),(1.1430898630227053-0.11430898630227056j),(2000+0j)
0.8924924924924925,(0.9090909090909091-0.09090909090909093j),(1593.0856983109236+0j),(1.0185978220971492-0.10185978220971491j),(1784.984984984985+0j),(1.1412956754991608-0.11412956754991609j),(2000+0j)
0.8931931931931932,(0.9090909090909091-0.09090909090909091j),(1595.588160733306+0j),(1.0177987427791306-0.10177987427791306j),(1786.3863863863864+0j),(1.1395057088830565-0.11395057088830565j),(2000+0j)
0.893893893893894,(0.9090909090909091-0.09090909090909093j),(1598.0925870815763+0j),(1.0170009162170415-0.10170009162170414j),(1787.787787787788+0j),(1.1377199499449322-0.11377199499449324j),(2000+0j)
0.8945945945945947,(0.9090909090909091-0.09090909090909088j),(1600.5989773557344+0j),(1.0162043394671794-0.10162043394671794j),(1789.1891891891894+0j),(1.1359383855071186-0.11359383855071188j),(2000+0j)
0.8952952952952953,(0.9090909090909092-0.09090909090909091j),(1603.10733155578+0j),(1.0154090095950563-0.10154090095950562j),(1790.5905905905906+0j),(1.1341610024434938-0.11341610024434938j),(2000+0j)
0.895995995995996,(0.9090909090909091-0.0909090909090909j),(1605.6176496817138+0j),(1.0146149236753639-0.10146149236753638j),(1791.991991991992+0j),(1.1323877876792408-0.1132387787679241j),(2000+0j)
0.8966966966966967,(0.9090909090909091-0.09090909090909091j),(1608.1299317335354+0j),(1.013822078791938-0.1013822078791938j),(1793.3933933933934+0j),(1.1306187281906075-0.11306187281906076j),(2000+0j)
0.8973973973973974,(0.9090909090909091-0.09090909090909094j),(1610.644177711245+0j),(1.0130304720377223-0.10130304720377224j),(1794.7947947947948+0j),(1.1288538110046675-0.11288538110046675j),(2000+0j)
0.8980980980980982,(0.9090909090909091-0.0909090909090909j),(1613.1603876148424+0j),(1.0122401005147326-0.10122401005147326j),(1796.1961961961963+0j),(1.1270930231990834-0.11270930231990836j),(2000+0j)
0.8987987987987989,(0.9090909090909091-0.09090909090909088j),(1615.6785614443274+0j),(1.011450961334022-0.1011450961334022j),(1797.5975975975978+0j),(1.1253363519018682-0.11253363519018683j),(2000+0j)
0.8994994994994996,(0.9090909090909091-0.09090909090909093j),(1618.1986991997005+0j),(1.0106630516156445-0.10106630516156444j),(1798.9989989989992+0j),(1.1235837842911514-0.11235837842911514j),(2000+0j)
0.9002002002002002,(0.9090909090909091-0.0909090909090909j),(1620.720800880961+0j),(1.0098763684886225-0.10098763684886222j),(1800.4004004004005+0j),(1.1218353075949448-0.1121835307594945j),(2000+0j)
0.9009009009009009,(0.9090909090909091-0.09090909090909091j),(1623.24486648811+0j),(1.009090909090909-0.10090909090909089j),(1801.8018018018017+0j),(1.1200909090909088-0.11200909090909089j),(2000+0j)
0.9016016016016016,(0.9090909090909091-0.09090909090909088j),(1625.7708960211464+0j),(1.008306670569355-0.10083066705693551j),(1803.2032032032032+0j),(1.1183505761061239-0.11183505761061241j),(2000+0j)
0.9023023023023024,(0.9090909090909091-0.0909090909090909j),(1628.2988894800708+0j),(1.007523650079674-0.1007523650079674j),(1804.6046046046047+0j),(1.1166142960168561-0.11166142960168564j),(2000+0j)
0.9030030030030031,(0.9090909090909091-0.09090909090909093j),(1630.828846864883+0j),(1.0067418447864074-0.10067418447864075j),(1806.0060060060061+0j),(1.1148820562483326-0.11148820562483328j),(2000+0j)
0.9037037037037038,(0.9090909090909088-0.09090909090909088j),(1633.3607681755832+0j),(1.0059612518628913-0.10059612518628913j),(1807.4074074074076+0j),(1.1131538442745106-0.11131538442745106j),(2000+0j)
0.9044044044044044,(0.9090909090909091-0.0909090909090909j),(1635.894653412171+0j),(1.0051818684912208-0.10051818684912209j),(1808.8088088088089+0j),(1.1114296476178525-0.11114296476178526j),(2000+0j)
0.9051051051051051,(0.9090909090909092-0.09090909090909091j),(1638.4305025746469+0j),(1.0044036918622188-0.10044036918622186j),(1810.2102102102103+0j),(1.1097094538491001-0.11097094538491002j),(2000+0j)
0.9058058058058058,(0.9090909090909091-0.09090909090909091j),(1640.9683156630103+0j),(1.0036267191753987-0.10036267191753989j),(1811.6116116116116+0j),(1.1079932505870518-0.1107993250587052j),(2000+0j)
0.9065065065065065,(0.9090909090909091-0.09090909090909094j),(1643.508092677262+0j),(1.0028509476389333-0.10028509476389334j),(1813.013013013013+0j),(1.1062810254983375-0.11062810254983375j),(2000+0j)
0.9072072072072073,(0.9090909090909091-0.0909090909090909j),(1646.0498336174014+0j),(1.0020763744696215-0.10020763744696214j),(1814.4144144144145+0j),(1.1045727662971996-0.11045727662971995j),(2000+0j)
0.907907907907908,(0.9090909090909092-0.09090909090909094j),(1648.5935384834288+0j),(1.0013029968928533-0.10013029968928533j),(1815.815815815816+0j),(1.1028684607452706-0.11028684607452707j),(2000+0j)
0.9086086086086087,(0.9090909090909091-0.09090909090909091j),(1651.1392072753438+0j),(1.0005308121425782-0.10005308121425781j),(1817.2172172172175+0j),(1.1011680966513555-0.11011680966513557j),(2000+0j)
0.9093093093093093,(0.9090909090909091-0.09090909090909091j),(1653.6868399931464+0j),(0.9997598174612704-0.09997598174612701j),(1818.6186186186187+0j),(1.0994716618712124-0.10994716618712125j),(2000+0j)
0.91001001001001,(0.9090909090909091-0.09090909090909093j),(1656.2364366368372+0j),(0.9989900100998987-0.09989900100998991j),(1820.02002002002+0j),(1.097779144307336-0.10977791443073359j),(2000+0j)
0.9107107107107107,(0.9090909090909091-0.09090909090909091j),(1658.7879972064156+0j),(0.998221387317892-0.09982213873178919j),(1821.4214214214214+0j),(1.0960905319087426-0.10960905319087427j),(2000+0j)
0.9114114114114115,(0.9090909090909091-0.0909090909090909j),(1661.3415217018824+0j),(0.997453946383106-0.09974539463831063j),(1822.822822822823+0j),(1.0944058126707554-0.10944058126707554j),(2000+0j)
0.9121121121121122,(0.9090909090909091-0.0909090909090909j),(1663.8970101232367+0j),(0.9966876845717931-0.09966876845717931j),(1824.2242242242244+0j),(1.0927249746347907-0.10927249746347907j),(2000+0j)
0.9128128128128128,(0.9090909090909091-0.09090909090909094j),(1666.4544624704783+0j),(0.9959225991685691-0.09959225991685691j),(1825.6256256256256+0j),(1.0910480058881462-0.10910480058881462j),(2000+0j)
0.9135135135135135,(0.9090909090909091-0.0909090909090909j),(1669.0138787436083+0j),(0.9951586874663798-0.099515868746638j),(1827.027027027027+0j),(1.0893748945637887-0.10893748945637888j),(2000+0j)
0.9142142142142142,(0.9090909090909092-0.09090909090909093j),(1671.5752589426263+0j),(0.9943959467664711-0.09943959467664712j),(1828.4284284284286+0j),(1.0877056288401452-0.10877056288401452j),(2000+0j)
0.914914914914915,(0.9090909090909091-0.0909090909090909j),(1674.1386030675321+0j),(0.9936343743783569-0.0993634374378357j),(1829.8298298298298+0j),(1.0860401969408953-0.10860401969408953j),(2000+0j)
0.9156156156156157,(0.9090909090909091-0.09090909090909091j),(1676.7039111183258+0j),(0.9928739676197857-0.09928739676197855j),(1831.2312312312313+0j),(1.084378587134761-0.1084378587134761j),(2000+0j)
0.9163163163163164,(0.9090909090909091-0.0909090909090909j),(1679.271183095007+0j),(0.992114723816712-0.0992114723816712j),(1832.6326326326327+0j),(1.0827207877353016-0.10827207877353015j),(2000+0j)
0.9170170170170171,(0.9090909090909091-0.09090909090909091j),(1681.8404189975763+0j),(0.9913566403032618-0.09913566403032618j),(1834.0340340340342+0j),(1.0810667871007078-0.1081066787100708j),(2000+0j)
0.9177177177177177,(0.9090909090909091-0.09090909090909094j),(1684.4116188260332+0j),(0.990599714421704-0.09905997144217041j),(1835.4354354354355+0j),(1.0794165736335974-0.10794165736335976j),(2000+0j)
0.9184184184184184,(0.9090909090909091-0.09090909090909093j),(1686.9847825803781+0j),(0.9898439435224178-0.0989843943522418j),(1836.836836836837+0j),(1.0777701357808123-0.10777701357808125j),(2000+0j)
0.9191191191191191,(0.9090909090909092-0.09090909090909094j),(1689.559910260611+0j),(0.9890893249638618-0.09890893249638619j),(1838.2382382382382+0j),(1.0761274620332149-0.1076127462033215j),(2000+0j)
0.9198198198198199,(0.9090909090909091-0.09090909090909091j),(1692.1370018667317+0j),(0.9883358561125454-0.09883358561125455j),(1839.6396396396397+0j),(1.0744885409254903-0.10744885409254903j),(2000+0j)
0.9205205205205206,(0.9090909090909092-0.09090909090909093j),(1694.7160573987403+0j),(0.9875835343429948-0.09875835343429949j),(1841.0410410410411+0j),(1.0728533610359414-0.10728533610359414j),(2000+0j)
0.9212212212212213,(0.9090909090909092-0.09090909090909093j),(1697.2970768566367+0j),(0.9868323570377245-0.09868323570377245j),(1842.4424424424426+0j),(1.0712219109862946-0.10712219109862947j),(2000+0j)
0.9219219219219219,(0.9090909090909091-0.0909090909090909j),(1699.8800602404206+0j),(0.9860823215872075-0.09860823215872076j),(1843.8438438438438+0j),(1.0695941794414987-0.10695941794414987j),(2000+0j)
0.9226226226226226,(0.9090909090909091-0.09090909090909088j),(1702.4650075500927+0j),(0.9853334253898429-0.0985333425389843j),(1845.2452452452453+0j),(1.067970155109529-0.10679701551095293j),(2000+0j)
0.9233233233233233,(0.9090909090909091-0.09090909090909093j),(1705.0519187856526+0j),(0.9845856658519276-0.09845856658519275j),(1846.6466466466468+0j),(1.0663498267411924-0.10663498267411926j),(2000+0j)
0.9240240240240241,(0.9090909090909092-0.09090909090909093j),(1707.6407939471003+0j),(0.9838390403876265-0.09838390403876265j),(1848.048048048048+0j),(1.0647331831299305-0.10647331831299306j),(2000+0j)
0.9247247247247248,(0.9090909090909091-0.09090909090909088j),(1710.231633034436+0j),(0.9830935464189413-0.09830935464189414j),(1849.4494494494495+0j),(1.0631202131116284-0.10631202131116285j),(2000+0j)
0.9254254254254255,(0.9090909090909092-0.09090909090909093j),(1712.8244360476594+0j),(0.9823491813756823-0.09823491813756823j),(1850.850850850851+0j),(1.06151090556442-0.10615109055644202j),(2000+0j)
0.9261261261261262,(0.9090909090909091-0.09090909090909093j),(1715.4192029867709+0j),(0.9816059426954369-0.09816059426954368j),(1852.2522522522524+0j),(1.0599052494084966-0.10599052494084966j),(2000+0j)
0.9268268268268268,(0.9090909090909088-0.09090909090909088j),(1718.0159338517697+0j),(0.9808638278235428-0.09808638278235428j),(1853.6536536536537+0j),(1.0583032336059175-0.10583032336059174j),(2000+0j)
0.9275275275275275,(0.9090909090909092-0.09090909090909094j),(1720.6146286426567+0j),(0.9801228342130567-0.09801228342130566j),(1855.0550550550552+0j),(1.0567048471604181-0.10567048471604182j),(2000+0j)
0.9282282282282283,(0.9090909090909092-0.09090909090909093j),(1723.2152873594316+0j),(0.9793829593247257-0.09793829593247261j),(1856.4564564564564+0j),(1.055110079117223-0.1055110079117223j),(2000+0j)
0.928928928928929,(0.9090909090909091-0.09090909090909088j),(1725.8179100020943+0j),(0.978644200626959-0.0978644200626959j),(1857.8578578578579+0j),(1.053518918562858-0.1053518918562858j),(2000+0j)
0.9296296296296297,(0.9090909090909091-0.09090909090909091j),(1728.4224965706449+0j),(0.9779065555957985-0.09779065555957987j),(1859.2592592592594+0j),(1.0519313546249625-0.10519313546249626j),(2000+0j)
0.9303303303303303,(0.9090909090909091-0.09090909090909087j),(1731.0290470650832+0j),(0.9771700217148893-0.09771700217148895j),(1860.6606606606606+0j),(1.050347376472105-0.10503473764721051j),(2000+0j)
0.931031031031031,(0.9090909090909092-0.09090909090909093j),(1733.6375614854094+0j),(0.9764345964754523-0.09764345964754523j),(1862.062062062062+0j),(1.0487669733135971-0.10487669733135972j),(2000+0j)
0.9317317317317317,(0.9090909090909092-0.09090909090909094j),(1736.2480398316234+0j),(0.9757002773762551-0.0975700277376255j),(1863.4634634634635+0j),(1.047190134399311-0.10471901343993112j),(2000+0j)
0.9324324324324325,(0.9090909090909091-0.09090909090909093j),(1738.8604821037254+0j),(0.9749670619235836-0.09749670619235835j),(1864.864864864865+0j),(1.0456168490194955-0.10456168490194957j),(2000+0j)
0.9331331331331332,(0.9090909090909091-0.09090909090909093j),(1741.4748883017153+0j),(0.9742349476312143-0.09742349476312143j),(1866.2662662662663+0j),(1.0440471065045946-0.10440471065045948j),(2000+0j)
0.9338338338338339,(0.9090909090909091-0.09090909090909088j),(1744.091258425593+0j),(0.9735039320203861-0.09735039320203862j),(1867.6676676676677+0j),(1.0424808962250676-0.10424808962250676j),(2000+0j)
0.9345345345345346,(0.9090909090909091-0.0909090909090909j),(1746.7095924753587+0j),(0.9727740126197709-0.09727740126197709j),(1869.0690690690692+0j),(1.040918207591207-0.10409182075912068j),(2000+0j)
0.9352352352352353,(0.9090909090909092-0.09090909090909093j),(1749.329890451012+0j),(0.9720451869654481-0.09720451869654481j),(1870.4704704704707+0j),(1.039359030052962-0.1039359030052962j),(2000+0j)
0.9359359359359359,(0.9090909090909091-0.09090909090909088j),(1751.9521523525527+0j),(0.9713174526008751-0.0971317452600875j),(1871.871871871872+0j),(1.0378033530997584-0.10378033530997582j),(2000+0j)
0.9366366366366367,(0.9090909090909092-0.09090909090909093j),(1754.576378179982+0j),(0.9705908070768604-0.09705908070768604j),(1873.2732732732734+0j),(1.036251166260322-0.1036251166260322j),(2000+0j)
0.9373373373373374,(0.9090909090909091-0.0909090909090909j),(1757.2025679332987+0j),(0.9698652479515358-0.0969865247951536j),(1874.6746746746746+0j),(1.0347024591025034-0.10347024591025034j),(2000+0j)
0.9380380380380381,(0.9090909090909091-0.09090909090909091j),(1759.8307216125036+0j),(0.96914077279033-0.09691407727903299j),(1876.076076076076+0j),(1.0331572212331017-0.10331572212331018j),(2000+0j)
0.9387387387387388,(0.9090909090909091-0.09090909090909093j),(1762.4608392175962+0j),(0.9684173791659397-0.09684173791659399j),(1877.4774774774776+0j),(1.0316154422976898-0.10316154422976899j),(2000+0j)
0.9394394394394394,(0.9090909090909091-0.09090909090909087j),(1765.0929207485765+0j),(0.9676950646583038-0.09676950646583037j),(1878.8788788788788+0j),(1.0300771119804426-0.10300771119804426j),(2000+0j)
0.9401401401401401,(0.9090909090909092-0.09090909090909094j),(1767.7269662054446+0j),(0.9669738268545764-0.09669738268545763j),(1880.2802802802803+0j),(1.0285422200039627-0.10285422200039628j),(2000+0j)
0.9408408408408409,(0.9090909090909091-0.09090909090909091j),(1770.362975588201+0j),(0.9662536633490989-0.09662536633490985j),(1881.6816816816818+0j),(1.0270107561291093-0.10270107561291095j),(2000+0j)
0.9415415415415416,(0.9090909090909091-0.0909090909090909j),(1773.000948896845+0j),(0.9655345717433744-0.09655345717433743j),(1883.0830830830832+0j),(1.0254827101548278-0.10254827101548279j),(2000+0j)
0.9422422422422423,(0.9090909090909092-0.09090909090909091j),(1775.6408861313769+0j),(0.9648165496460408-0.0964816549646041j),(1884.4844844844845+0j),(1.02395807191798-0.10239580719179799j),(2000+0j)
0.942942942942943,(0.9090909090909091-0.09090909090909091j),(1778.2827872917965+0j),(0.9640995946728431-0.09640995946728431j),(1885.885885885886+0j),(1.0224368312931742-0.10224368312931742j),(2000+0j)
0.9436436436436437,(0.9090909090909092-0.09090909090909093j),(1780.926652378104+0j),(0.9633837044466088-0.09633837044466087j),(1887.2872872872874+0j),(1.0209189781925978-0.10209189781925977j),(2000+0j)
0.9443443443443444,(0.9090909090909092-0.09090909090909094j),(1783.5724813902996+0j),(0.9626688765972209-0.09626688765972208j),(1888.688688688689+0j),(1.0194045025658505-0.10194045025658505j),(2000+0j)
0.945045045045045,(0.9090909090909091-0.09090909090909091j),(1786.2202743283824+0j),(0.9619551087615912-0.09619551087615913j),(1890.0900900900901+0j),(1.017893394399777-0.1017893394399777j),(2000+0j)
0.9457457457457458,(0.9090909090909091-0.0909090909090909j),(1788.8700311923535+0j),(0.9612423985836349-0.09612423985836349j),(1891.4914914914916+0j),(1.0163856437183012-0.10163856437183012j),(2000+0j)
0.9464464464464465,(0.9090909090909092-0.09090909090909093j),(1791.5217519822127+0j),(0.9605307437142445-0.09605307437142442j),(1892.892892892893+0j),(1.0148812405822634-0.10148812405822634j),(2000+0j)
0.9471471471471472,(0.9090909090909091-0.0909090909090909j),(1794.1754366979594+0j),(0.9598201418112641-0.0959820141811264j),(1894.2942942942943+0j),(1.0133801750892546-0.10133801750892545j),(2000+0j)
0.9478478478478478,(0.9090909090909091-0.09090909090909091j),(1796.8310853395938+0j),(0.9591105905394638-0.09591105905394638j),(1895.6956956956956+0j),(1.0118824373734547-0.10118824373734547j),(2000+0j)
0.9485485485485485,(0.9090909090909092-0.09090909090909093j),(1799.4886979071164+0j),(0.958402087570513-0.0958402087570513j),(1897.097097097097+0j),(1.010388017605469-0.1010388017605469j),(2000+0j)
0.9492492492492492,(0.9090909090909092-0.09090909090909094j),(1802.1482744005266+0j),(0.9576946305829571-0.09576946305829573j),(1898.4984984984985+0j),(1.0088969059921693-0.10088969059921693j),(2000+0j)
0.94994994994995,(0.9090909090909092-0.09090909090909094j),(1804.8098148198249+0j),(0.95698821726219-0.09569882172621898j),(1899.8998998999+0j),(1.0074090927765307-0.10074090927765308j),(2000+0j)
0.9506506506506507,(0.9090909090909091-0.0909090909090909j),(1807.473319165011+0j),(0.9562828453004297-0.09562828453004296j),(1901.3013013013015+0j),(1.0059245682374742-0.10059245682374743j),(2000+0j)
0.9513513513513514,(0.9090909090909092-0.09090909090909091j),(1810.138787436085+0j),(0.955578512396694-0.09555785123966942j),(1902.7027027027027+0j),(1.0044433226897067-0.10044433226897068j),(2000+0j)
0.9520520520520521,(0.9090909090909091-0.09090909090909091j),(1812.8062196330468+0j),(0.9548752162567743-0.09548752162567743j),(1904.1041041041042+0j),(1.0029653464835637-0.10029653464835638j),(2000+0j)
0.9527527527527528,(0.9090909090909091-0.09090909090909091j),(1815.4756157558963+0j),(0.954172954593211-0.09541729545932108j),(1905.5055055055057+0j),(1.0014906300048512-0.10014906300048512j),(2000+0j)
0.9534534534534534,(0.9090909090909091-0.0909090909090909j),(1818.1469758046333+0j),(0.9534717251252687-0.09534717251252688j),(1906.906906906907+0j),(1.000019163674691-0.10000191636746908j),(2000+0j)
0.9541541541541542,(0.9090909090909091-0.0909090909090909j),(1820.820299779259+0j),(0.9527715255789111-0.09527715255789108j),(1908.3083083083084+0j),(0.9985509379493623-0.09985509379493622j),(2000+0j)
0.9548548548548549,(0.9090909090909092-0.09090909090909094j),(1823.4955876797721+0j),(0.9520723536867787-0.09520723536867785j),(1909.7097097097098+0j),(0.9970859433201507-0.09970859433201507j),(2000+0j)
0.9555555555555556,(0.9090909090909091-0.09090909090909091j),(1826.172839506173+0j),(0.9513742071881609-0.0951374207188161j),(1911.1111111111113+0j),(0.9956241703131913-0.09956241703131911j),(2000+0j)
0.9562562562562563,(0.9090909090909091-0.0909090909090909j),(1828.8520552584619+0j),(0.9506770838289732-0.09506770838289733j),(1912.5125125125126+0j),(0.9941656094893166-0.09941656094893166j),(2000+0j)
0.9569569569569569,(0.9090909090909091-0.09090909090909091j),(1831.533234936638+0j),(0.9499809813617346-0.09499809813617345j),(1913.9139139139138+0j),(0.9927102514439046-0.09927102514439046j),(2000+0j)
0.9576576576576576,(0.9090909090909091-0.09090909090909091j),(1834.2163785407029+0j),(0.9492858975455398-0.094928589754554j),(1915.3153153153153+0j),(0.9912580868067257-0.09912580868067257j),(2000+0j)
0.9583583583583584,(0.9090909090909091-0.0909090909090909j),(1836.9014860706552+0j),(0.9485918301460395-0.09485918301460396j),(1916.7167167167167+0j),(0.9898091062417939-0.09898091062417941j),(2000+0j)
0.9590590590590591,(0.9090909090909091-0.09090909090909091j),(1839.5885575264956+0j),(0.9478987769354119-0.0947898776935412j),(1918.1181181181182+0j),(0.9883633004472147-0.09883633004472148j),(2000+0j)
0.9597597597597598,(0.9090909090909091-0.09090909090909091j),(1842.2775929082238+0j),(0.9472067356923425-0.09472067356923423j),(1919.5195195195197+0j),(0.9869206601550378-0.09869206601550379j),(2000+0j)
0.9604604604604605,(0.9090909090909091-0.09090909090909093j),(1844.9685922158396+0j),(0.946515704201999-0.09465157042019992j),(1920.920920920921+0j),(0.985481176131107-0.09854811761311073j),(2000+0j)
0.9611611611611612,(0.9090909090909091-0.09090909090909088j),(1847.6615554493437+0j),(0.9458256802560072-0.0945825680256007j),(1922.3223223223224+0j),(0.9840448391749126-0.09840448391749128j),(2000+0j)
0.961861861861862,(0.9090909090909091-0.09090909090909091j),(1850.3564826087354+0j),(0.945136661652428-0.09451366616524282j),(1923.7237237237239+0j),(0.9826116401194456-0.09826116401194457j),(2000+0j)
0.9625625625625626,(0.9090909090909091-0.0909090909090909j),(1853.0533736940142+0j),(0.9444486461957344-0.09444486461957345j),(1925.1251251251251+0j),(0.981181569831051-0.09811815698310512j),(2000+0j)
0.9632632632632633,(0.9090909090909091-0.09090909090909091j),(1855.7522287051818+0j),(0.943761631696787-0.09437616316967869j),(1926.5265265265266+0j),(0.9797546192092799-0.09797546192092799j),(2000+0j)
0.963963963963964,(0.9090909090909091-0.0909090909090909j),(1858.453047642237+0j),(0.9430756159728122-0.09430756159728121j),(1927.927927927928+0j),(0.9783307791867489-0.09783307791867492j),(2000+0j)
0.9646646646646647,(0.9090909090909091-0.09090909090909091j),(1861.1558305051801+0j),(0.942390596847378-0.0942390596847378j),(1929.3293293293295+0j),(0.9769100407289928-0.09769100407289927j),(2000+0j)
0.9653653653653654,(0.9090909090909091-0.0909090909090909j),(1863.860577294011+0j),(0.9417065721503712-0.09417065721503713j),(1930.7307307307308+0j),(0.9754923948343228-0.09754923948343228j),(2000+0j)
0.966066066066066,(0.9090909090909091-0.09090909090909091j),(1866.5672880087293+0j),(0.9410235397179755-0.09410235397179757j),(1932.132132132132+0j),(0.9740778325336832-0.09740778325336832j),(2000+0j)
0.9667667667667668,(0.9090909090909091-0.0909090909090909j),(1869.275962649336+0j),(0.9403414973926465-0.09403414973926465j),(1933.5335335335335+0j),(0.9726663448905095-0.09726663448905096j),(2000+0j)
0.9674674674674675,(0.9090909090909091-0.09090909090909088j),(1871.9866012158304+0j),(0.9396604430230916-0.09396604430230915j),(1934.934934934935+0j),(0.9712579230005882-0.09712579230005881j),(2000+0j)
0.9681681681681682,(0.9090909090909092-0.09090909090909091j),(1874.699203708213+0j),(0.9389803744642453-0.09389803744642454j),(1936.3363363363364+0j),(0.9698525579919159-0.09698525579919161j),(2000+0j)
0.9688688688688689,(0.9090909090909091-0.09090909090909091j),(1877.413770126483+0j),(0.9383012895772478-0.09383012895772477j),(1937.737737737738+0j),(0.9684502410245586-0.09684502410245587j),(2000+0j)
0.9695695695695696,(0.9090909090909091-0.09090909090909091j),(1880.130300470641+0j),(0.9376231862294219-0.09376231862294221j),(1939.1391391391392+0j),(0.9670509632905147-0.09670509632905147j),(2000+0j)
0.9702702702702704,(0.9090909090909088-0.09090909090909088j),(1882.8487947406868+0j),(0.9369460622942516-0.09369460622942515j),(1940.5405405405406+0j),(0.965654716013574-0.09656547160135742j),(2000+0j)
0.9709709709709711,(0.9090909090909091-0.09090909090909091j),(1885.5692529366206+0j),(0.936269915651359-0.09362699156513592j),(1941.941941941942+0j),(0.964261490449183-0.09642614904491832j),(2000+0j)
0.9716716716716717,(0.9090909090909091-0.0909090909090909j),(1888.2916750584418+0j),(0.9355947441864821-0.0935594744186482j),(1943.3433433433433+0j),(0.9628712778843059-0.09628712778843061j),(2000+0j)
0.9723723723723724,(0.9090909090909091-0.09090909090909091j),(1891.0160611061513+0j),(0.9349205457914539-0.09349205457914539j),(1944.7447447447448+0j),(0.9614840696372886-0.09614840696372885j),(2000+0j)
0.9730730730730731,(0.9090909090909091-0.09090909090909088j),(1893.7424110797485+0j),(0.934247318364179-0.09342473183641789j),(1946.1461461461463+0j),(0.9600998570577248-0.09600998570577247j),(2000+0j)
0.9737737737737738,(0.9090909090909091-0.09090909090909091j),(1896.4707249792336+0j),(0.9335750598086127-0.09335750598086127j),(1947.5475475475478+0j),(0.9587186315263196-0.09587186315263198j),(2000+0j)
0.9744744744744744,(0.9090909090909091-0.0909090909090909j),(1899.2010028046063+0j),(0.9329037680347388-0.09329037680347392j),(1948.9489489489488+0j),(0.957340384454755-0.09573403844547551j),(2000+0j)
0.9751751751751752,(0.9090909090909091-0.09090909090909091j),(1901.9332445558673+0j),(0.9322334409585487-0.09322334409585487j),(1950.3503503503503+0j),(0.9559651072855574-0.09559651072855574j),(2000+0j)
0.9758758758758759,(0.9090909090909091-0.09090909090909093j),(1904.6674502330159+0j),(0.9315640765020189-0.0931564076502019j),(1951.7517517517517+0j),(0.9545927914919651-0.09545927914919651j),(2000+0j)
0.9765765765765766,(0.9090909090909092-0.09090909090909094j),(1907.4036198360525+0j),(0.9308956725930895-0.09308956725930895j),(1953.1531531531532+0j),(0.9532234285777945-0.09532234285777946j),(2000+0j)
0.9772772772772773,(0.9090909090909092-0.09090909090909094j),(1910.1417533649767+0j),(0.9302282271656439-0.09302282271656438j),(1954.5545545545547+0j),(0.9518570100773105-0.09518570100773105j),(2000+0j)
0.977977977977978,(0.9090909090909092-0.09090909090909094j),(1912.881850819789+0j),(0.9295617381594864-0.09295617381594863j),(1955.9559559559561+0j),(0.9504935275550939-0.0950493527555094j),(2000+0j)
0.9786786786786787,(0.9090909090909091-0.09090909090909093j),(1915.623912200489+0j),(0.928896203520321-0.09288962035203209j),(1957.3573573573574+0j),(0.9491329726059127-0.09491329726059128j),(2000+0j)
0.9793793793793795,(0.9090909090909091-0.09090909090909093j),(1918.367937507077+0j),(0.9282316211997321-0.09282316211997323j),(1958.7587587587589+0j),(0.9477753368545918-0.0947775336854592j),(2000+0j)
0.9800800800800801,(0.9090909090909088-0.09090909090909087j),(1921.1139267395522+0j),(0.927567989155161-0.0927567989155161j),(1960.16016016016+0j),(0.9464206119558839-0.09464206119558839j),(2000+0j)
0.9807807807807808,(0.9090909090909091-0.0909090909090909j),(1923.861879897916+0j),(0.9269053053498861-0.09269053053498862j),(1961.5615615615616+0j),(0.9450687895943417-0.09450687895943417j),(2000+0j)
0.9814814814814815,(0.9090909090909092-0.09090909090909094j),(1926.6117969821673+0j),(0.9262435677530019-0.09262435677530019j),(1962.962962962963+0j),(0.9437198614841904-0.09437198614841905j),(2000+0j)
0.9821821821821822,(0.9090909090909092-0.0909090909090909j),(1929.363677992307+0j),(0.9255827743393988-0.09255827743393988j),(1964.3643643643645+0j),(0.9423738193692003-0.09423738193692005j),(2000+0j)
0.982882882882883,(0.9090909090909091-0.09090909090909093j),(1932.117522928334+0j),(0.9249229230897426-0.09249229230897427j),(1965.765765765766+0j),(0.941030655022561-0.09410306550225611j),(2000+0j)
0.9835835835835836,(0.9090909090909091-0.0909090909090909j),(1934.8733317902486+0j),(0.9242640119904522-0.09242640119904523j),(1967.167167167167+0j),(0.9396903602467551-0.09396903602467552j),(2000+0j)
0.9842842842842843,(0.9090909090909092-0.09090909090909094j),(1937.6311045780515+0j),(0.9236060390336807-0.09236060390336807j),(1968.5685685685685+0j),(0.9383529268734332-0.09383529268734331j),(2000+0j)
0.984984984984985,(0.9090909090909091-0.09090909090909093j),(1940.3908412917422+0j),(0.9229490022172949-0.09229490022172951j),(1969.96996996997+0j),(0.9370183467632903-0.09370183467632905j),(2000+0j)
0.9856856856856857,(0.9090909090909092-0.09090909090909094j),(1943.1525419313207+0j),(0.9222928995448544-0.09222928995448543j),(1971.3713713713714+0j),(0.9356866118059404-0.09356866118059402j),(2000+0j)
0.9863863863863864,(0.9090909090909091-0.0909090909090909j),(1945.9162064967873+0j),(0.9216377290255918-0.09216377290255916j),(1972.772772772773+0j),(0.9343577139197949-0.09343577139197949j),(2000+0j)
0.9870870870870871,(0.9090909090909091-0.09090909090909091j),(1948.6818349881416+0j),(0.9209834886743921-0.09209834886743921j),(1974.1741741741744+0j),(0.9330316450519396-0.09330316450519396j),(2000+0j)
0.9877877877877879,(0.9090909090909092-0.09090909090909093j),(1951.4494274053836+0j),(0.9203301765117735-0.09203301765117733j),(1975.5755755755758+0j),(0.9317083971780113-0.09317083971780116j),(2000+0j)
0.9884884884884886,(0.9090909090909088-0.09090909090909088j),(1954.2189837485134+0j),(0.9196777905638664-0.09196777905638663j),(1976.976976976977+0j),(0.9303879623020785-0.09303879623020786j),(2000+0j)
0.9891891891891892,(0.9090909090909091-0.0909090909090909j),(1956.990504017531+0j),(0.9190263288623944-0.09190263288623945j),(1978.3783783783783+0j),(0.9290703324565189-0.09290703324565189j),(2000+0j)
0.9898898898898899,(0.9090909090909092-0.09090909090909094j),(1959.7639882124367+0j),(0.9183757894446539-0.09183757894446538j),(1979.7797797797798+0j),(0.9277554997019001-0.09277554997019001j),(2000+0j)
0.9905905905905906,(0.9090909090909088-0.09090909090909087j),(1962.5394363332302+0j),(0.9177261703534947-0.09177261703534947j),(1981.1811811811813+0j),(0.9264434561268604-0.09264434561268606j),(2000+0j)
0.9912912912912913,(0.9090909090909091-0.09090909090909091j),(1965.3168483799118+0j),(0.9170774696373-0.09170774696372999j),(1982.5825825825827+0j),(0.9251341938479879-0.09251341938479879j),(2000+0j)
0.9919919919919921,(0.9090909090909091-0.09090909090909091j),(1968.096224352481+0j),(0.9164296853499679-0.09164296853499676j),(1983.9839839839842+0j),(0.9238277050097051-0.09238277050097053j),(2000+0j)
0.9926926926926927,(0.9090909090909091-0.09090909090909091j),(1970.8775642509374+0j),(0.9157828155508905-0.09157828155508906j),(1985.3853853853852+0j),(0.9225239817841482-0.09225239817841484j),(2000+0j)
0.9933933933933934,(0.9090909090909092-0.09090909090909094j),(1973.6608680752825+0j),(0.9151368583049356-0.09151368583049357j),(1986.7867867867867+0j),(0.9212230163710506-0.09212230163710508j),(2000+0j)
0.9940940940940941,(0.9090909090909092-0.09090909090909093j),(1976.4461358255153+0j),(0.914491811682427-0.0914491811682427j),(1988.1881881881882+0j),(0.9199248009976281-0.09199248009976281j),(2000+0j)
0.9947947947947948,(0.9090909090909091-0.09090909090909091j),(1979.2333675016357+0j),(0.9138476737591247-0.09138476737591246j),(1989.5895895895897+0j),(0.91862932791846-0.09186293279184601j),(2000+0j)
0.9954954954954955,(0.9090909090909091-0.09090909090909088j),(1982.0225631036444+0j),(0.9132044426162075-0.09132044426162074j),(1990.9909909909911+0j),(0.9173365894153755-0.09173365894153755j),(2000+0j)
0.9961961961961963,(0.9090909090909091-0.09090909090909091j),(1984.8137226315407+0j),(0.9125621163402514-0.09125621163402514j),(1992.3923923923926+0j),(0.9160465777973381-0.09160465777973381j),(2000+0j)
0.996896896896897,(0.9090909090909091-0.09090909090909091j),(1987.6068460853248+0j),(0.9119206930232134-0.09119206930232132j),(1993.793793793794+0j),(0.9147592854003311-0.0914759285400331j),(2000+0j)
0.9975975975975977,(0.9090909090909092-0.09090909090909094j),(1990.401933464997+0j),(0.9112801707624102-0.091128017076241j),(1995.1951951951953+0j),(0.9134747045872444-0.09134747045872445j),(2000+0j)
0.9982982982982983,(0.9090909090909091-0.0909090909090909j),(1993.1989847705565+0j),(0.9106405476605015-0.09106405476605016j),(1996.5965965965966+0j),(0.9121928277477598-0.09121928277477598j),(2000+0j)
0.998998998998999,(0.9090909090909092-0.09090909090909091j),(1995.9980000020041+0j),(0.9100018218254692-0.09100018218254692j),(1997.997997997998+0j),(0.91091364729824-0.09109136472982399j),(2000+0j)
0.9996996996996997,(0.9090909090909091-0.0909090909090909j),(1998.7989791593398+0j),(0.9093639913705999-0.09093639913705999j),(1999.3993993993995+0j),(0.9096371556816153-0.09096371556816152j),(2000+0j)
1.0004004004004003,(0.9090909090909091-0.09090909090909091j),(2001.6019222425628+0j),(0.9087270544144671-0.09087270544144671j),(2000.8008008008007+0j),(0.9083633453672726-0.09083633453672726j),(2000+0j)
1.001101101101101,(0.9090909090909091-0.09090909090909091j),(2004.4068292516738+0j),(0.9080910090809103-0.090809100908091j),(2002.2022022022022+0j),(0.9070922088509441-0.09070922088509442j),(2000+0j)
1.0018018018018018,(0.9090909090909091-0.09090909090909088j),(2007.2137001866731+0j),(0.9074558534990189-0.09074558534990189j),(2003.6036036036035+0j),(0.9058237386545962-0.09058237386545961j),(2000+0j)
1.0025025025025025,(0.9090909090909092-0.09090909090909093j),(2010.0225350475603+0j),(0.9068215858031136-0.09068215858031135j),(2005.005005005005+0j),(0.9045579273263208-0.09045579273263209j),(2000+0j)
1.0032032032032032,(0.9090909090909092-0.09090909090909094j),(2012.833333834335+0j),(0.906188204132726-0.09061882041327263j),(2006.4064064064064+0j),(0.9032947674402247-0.09032947674402247j),(2000+0j)
1.003903903903904,(0.9090909090909091-0.0909090909090909j),(2015.6460965469978+0j),(0.9055557066325837-0.09055557066325838j),(2007.8078078078079+0j),(0.9020342515963216-0.09020342515963216j),(2000+0j)
1.0046046046046047,(0.9090909090909091-0.0909090909090909j),(2018.4608231855484+0j),(0.9049240914525887-0.09049240914525887j),(2009.2092092092093+0j),(0.9007763724204225-0.09007763724204226j),(2000+0j)
1.0053053053053054,(0.9090909090909091-0.09090909090909091j),(2021.2775137499866+0j),(0.9042933567478023-0.09042933567478022j),(2010.6106106106108+0j),(0.8995211225640294-0.08995211225640294j),(2000+0j)
1.006006006006006,(0.9090909090909091-0.0909090909090909j),(2024.0961682403129+0j),(0.9036635006784258-0.09036635006784259j),(2012.0120120120123+0j),(0.8982684947042261-0.0898268494704226j),(2000+0j)
1.0067067067067068,(0.9090909090909091-0.09090909090909091j),(2026.916786656527+0j),(0.9030345214097822-0.09030345214097824j),(2013.4134134134135+0j),(0.897018481543574-0.08970184815435742j),(2000+0j)
1.0074074074074075,(0.9090909090909091-0.0909090909090909j),(2029.7393689986288+0j),(0.9024064171122993-0.09024064171122992j),(2014.814814814815+0j),(0.8957710758100028-0.08957710758100028j),(2000+0j)
1.0081081081081082,(0.9090909090909091-0.0909090909090909j),(2032.5639152666186+0j),(0.9017791859614913-0.09017791859614913j),(2016.2162162162165+0j),(0.8945262702567072-0.08945262702567072j),(2000+0j)
1.0088088088088087,(0.9090909090909092-0.09090909090909094j),(2035.3904254604954+0j),(0.9011528261379422-0.09011528261379421j),(2017.6176176176175+0j),(0.8932840576620404-0.08932840576620406j),(2000+0j)
1.0095095095095095,(0.9090909090909091-0.0909090909090909j),(2038.2188995802605+0j),(0.9005273358272863-0.09005273358272863j),(2019.019019019019+0j),(0.892044430829409-0.08920444308294091j),(2000+0j)
1.0102102102102102,(0.9090909090909092-0.09090909090909094j),(2041.049337625914+0j),(0.8999027132201924-0.08999027132201926j),(2020.4204204204204+0j),(0.8908073825871702-0.08908073825871703j),(2000+0j)
1.010910910910911,(0.9090909090909091-0.09090909090909088j),(2043.8817395974552+0j),(0.8992789565123459-0.08992789565123459j),(2021.8218218218217+0j),(0.8895729057885273-0.08895729057885274j),(2000+0j)
1.0116116116116116,(0.9090909090909092-0.09090909090909094j),(2046.7161054948845+0j),(0.8986560639044312-0.08986560639044314j),(2023.2232232232232+0j),(0.8883409933114256-0.08883409933114257j),(2000+0j)
1.0123123123123123,(0.9090909090909092-0.09090909090909094j),(2049.5524353182013+0j),(0.898034033602114-0.0898034033602114j),(2024.6246246246246+0j),(0.8871116380584514-0.08871116380584515j),(2000+0j)
1.013013013013013,(0.9090909090909092-0.09090909090909091j),(2052.390729067406+0j),(0.8974128638160256-0.08974128638160254j),(2026.026026026026+0j),(0.8858848329567289-0.08858848329567288j),(2000+0j)
1.0137137137137138,(0.9090909090909091-0.09090909090909091j),(2055.2309867424983+0j),(0.8967925527617441-0.08967925527617442j),(2027.4274274274276+0j),(0.8846605709578179-0.0884660570957818j),(2000+0j)
1.0144144144144145,(0.9090909090909091-0.0909090909090909j),(2058.0732083434787+0j),(0.896173098659777-0.08961730986597771j),(2028.828828828829+0j),(0.8834388450376133-0.08834388450376134j),(2000+0j)
1.0151151151151152,(0.9090909090909092-0.0909090909090909j),(2060.9173938703475+0j),(0.8955544997355467-0.08955544997355466j),(2030.2302302302305+0j),(0.8822196481962441-0.0882219648196244j),(2000+0j)
1.015815815815816,(0.9090909090909091-0.09090909090909091j),(2063.763543323103+0j),(0.8949367542193712-0.08949367542193712j),(2031.6316316316318+0j),(0.881002973457974-0.0881002973457974j),(2000+0j)
1.0165165165165164,(0.9090909090909091-0.09090909090909093j),(2066.611656701746+0j),(0.8943198603464483-0.08943198603464483j),(2033.0330330330328+0j),(0.8797888138710999-0.08797888138710999j),(2000+0j)
1.0172172172172171,(0.9090909090909091-0.09090909090909093j),(2069.461734006278+0j),(0.8937038163568375-0.08937038163568375j),(2034.4344344344343+0j),(0.8785771625078533-0.08785771625078534j),(2000+0j)
1.0179179179179179,(0.9090909090909091-0.09090909090909091j),(2072.313775236698+0j),(0.8930886204954454-0.08930886204954454j),(2035.8358358358357+0j),(0.8773680124643032-0.08773680124643032j),(2000+0j)
1.0186186186186186,(0.9090909090909091-0.09090909090909091j),(2075.167780393005+0j),(0.892474271012007-0.0892474271012007j),(2037.2372372372372+0j),(0.8761613568602545-0.08761613568602547j),(2000+0j)
1.0193193193193193,(0.9090909090909091-0.09090909090909091j),(2078.023749475201+0j),(0.8918607661610705-0.08918607661610704j),(2038.6386386386387+0j),(0.874957188839153-0.0874957188839153j),(2000+0j)
1.02002002002002,(0.9090909090909092-0.09090909090909093j),(2080.881682483284+0j),(0.8912481042019805-0.08912481042019804j),(2040.04004004004+0j),(0.8737555015679868-0.0873755501567987j),(2000+0j)
1.0207207207207207,(0.9090909090909091-0.09090909090909091j),(2083.7415794172553+0j),(0.8906362833988605-0.08906362833988606j),(2041.4414414414414+0j),(0.8725562882371889-0.08725562882371889j),(2000+0j)
1.0214214214214214,(0.9090909090909091-0.0909090909090909j),(2086.6034402771143+0j),(0.8900253020205979-0.08900253020205978j),(2042.8428428428429+0j),(0.8713595420605421-0.0871359542060542j),(2000+0j)
1.0221221221221222,(0.9090909090909091-0.0909090909090909j),(2089.467265062861+0j),(0.8894151583408267-0.08894151583408266j),(2044.2442442442443+0j),(0.8701652562750815-0.08701652562750815j),(2000+0j)
1.0228228228228229,(0.9090909090909092-0.09090909090909091j),(2092.3330537744955+0j),(0.8888058506379117-0.08888058506379118j),(2045.6456456456458+0j),(0.8689734241409998-0.08689734241409998j),(2000+0j)
1.0235235235235236,(0.9090909090909088-0.09090909090909087j),(2095.2008064120178+0j),(0.8881973771949321-0.08881973771949318j),(2047.0470470470473+0j),(0.8677840389415522-0.08677840389415521j),(2000+0j)
1.0242242242242243,(0.9090909090909091-0.0909090909090909j),(2098.070522975428+0j),(0.8875897362996659-0.08875897362996657j),(2048.4484484484487+0j),(0.8665970939829615-0.08665970939829615j),(2000+0j)
1.024924924924925,(0.9090909090909092-0.09090909090909093j),(2100.9422034647264+0j),(0.8869829262445729-0.08869829262445726j),(2049.84984984985+0j),(0.8654125825943237-0.08654125825943236j),(2000+0j)
1.0256256256256258,(0.9090909090909091-0.09090909090909093j),(2103.8158478799123+0j),(0.8863769453267795-0.08863769453267795j),(2051.2512512512517+0j),(0.8642304981275155-0.08642304981275156j),(2000+0j)
1.0263263263263265,(0.9090909090909091-0.09090909090909091j),(2106.6914562209863+0j),(0.8857717918480623-0.08857717918480623j),(2052.652652652653+0j),(0.8630508339570993-0.08630508339570994j),(2000+0j)
1.027027027027027,(0.9090909090909091-0.09090909090909094j),(2109.569028487947+0j),(0.8851674641148325-0.08851674641148327j),(2054.0540540540537+0j),(0.8618735834802316-0.08618735834802314j),(2000+0j)
1.0277277277277277,(0.9090909090909092-0.09090909090909091j),(2112.448564680797+0j),(0.8845639604381202-0.08845639604381203j),(2055.455455455455+0j),(0.8606987401165697-0.08606987401165696j),(2000+0j)
1.0284284284284284,(0.9090909090909092-0.09090909090909093j),(2115.3300647995343+0j),(0.8839612791335586-0.08839612791335585j),(2056.8568568568567+0j),(0.8595262973081809-0.08595262973081809j),(2000+0j)
1.0291291291291291,(0.9090909090909091-0.09090909090909091j),(2118.2135288441596+0j),(0.8833594185213677-0.08833594185213678j),(2058.258258258258+0j),(0.8583562485194497-0.08583562485194496j),(2000+0j)
1.0298298298298298,(0.9090909090909092-0.09090909090909091j),(2121.098956814673+0j),(0.8827583769263395-0.08827583769263396j),(2059.6596596596596+0j),(0.8571885872369878-0.08571885872369879j),(2000+0j)
1.0305305305305306,(0.9090909090909091-0.0909090909090909j),(2123.986348711074+0j),(0.8821581526778224-0.08821581526778224j),(2061.061061061061+0j),(0.8560233069695429-0.08560233069695429j),(2000+0j)
1.0312312312312313,(0.9090909090909091-0.09090909090909091j),(2126.8757045333623+0j),(0.8815587441097049-0.08815587441097048j),(2062.4624624624626+0j),(0.8548604012479084-0.08548604012479084j),(2000+0j)
1.031931931931932,(0.9090909090909091-0.09090909090909088j),(2129.7670242815393+0j),(0.8809601495604016-0.08809601495604015j),(2063.863863863864+0j),(0.8536998636248337-0.08536998636248337j),(2000+0j)
1.0326326326326327,(0.9090909090909091-0.09090909090909094j),(2132.6603079556035+0j),(0.8803623673728362-0.08803623673728361j),(2065.2652652652655+0j),(0.8525416876749354-0.08525416876749355j),(2000+0j)
1.0333333333333334,(0.9090909090909091-0.09090909090909093j),(2135.5555555555557+0j),(0.8797653958944281-0.0879765395894428j),(2066.666666666667+0j),(0.8513858669946077-0.08513858669946078j),(2000+0j)
1.0340340340340342,(0.9090909090909092-0.09090909090909091j),(2138.4527670813964+0j),(0.8791692334770748-0.08791692334770747j),(2068.0680680680684+0j),(0.8502323952019335-0.08502323952019336j),(2000+0j)
1.0347347347347347,(0.9090909090909091-0.0909090909090909j),(2141.3519425331233+0j),(0.8785738784771389-0.08785738784771387j),(2069.4694694694695+0j),(0.8490812659365983-0.08490812659365983j),(2000+0j)
1.0354354354354354,(0.9090909090909092-0.09090909090909091j),(2144.2530819107396+0j),(0.8779793292554317-0.08779793292554317j),(2070.870870870871+0j),(0.8479324728597988-0.0847932472859799j),(2000+0j)
1.036136136136136,(0.9090909090909092-0.09090909090909091j),(2147.156185214243+0j),(0.8773855841771985-0.08773855841771985j),(2072.272272272272+0j),(0.8467860096541604-0.08467860096541605j),(2000+0j)
1.0368368368368368,(0.9090909090909091-0.09090909090909091j),(2150.0612524436347+0j),(0.8767926416121047-0.08767926416121047j),(2073.6736736736734+0j),(0.8456418700236461-0.08456418700236461j),(2000+0j)
1.0375375375375375,(0.9090909090909092-0.09090909090909091j),(2152.9682835989142+0j),(0.8762004999342193-0.08762004999342195j),(2075.075075075075+0j),(0.8445000476934731-0.08445000476934732j),(2000+0j)
1.0382382382382382,(0.9090909090909092-0.09090909090909094j),(2155.8772786800814+0j),(0.8756091575219997-0.08756091575219999j),(2076.4764764764764+0j),(0.8433605364100248-0.0843360536410025j),(2000+0j)
1.038938938938939,(0.9090909090909092-0.09090909090909093j),(2158.7882376871366+0j),(0.8750186127582794-0.08750186127582796j),(2077.877877877878+0j),(0.8422233299407661-0.08422233299407661j),(2000+0j)
1.0396396396396397,(0.9090909090909091-0.0909090909090909j),(2161.70116062008+0j),(0.8744288640302503-0.08744288640302501j),(2079.2792792792793+0j),(0.8410884220741576-0.08410884220741575j),(2000+0j)
1.0403403403403404,(0.9090909090909092-0.09090909090909091j),(2164.616047478911+0j),(0.8738399097294506-0.08738399097294505j),(2080.680680680681+0j),(0.8399558066195718-0.08399558066195718j),(2000+0j)
1.0410410410410411,(0.9090909090909091-0.09090909090909091j),(2167.5328982636292+0j),(0.8732517482517481-0.08732517482517481j),(2082.0820820820823+0j),(0.838825477407208-0.0838825477407208j),(2000+0j)
1.0417417417417418,(0.9090909090909092-0.09090909090909093j),(2170.451712974236+0j),(0.8726643779973269-0.0872664377997327j),(2083.4834834834837+0j),(0.8376974282880074-0.08376974282880074j),(2000+0j)
1.0424424424424426,(0.9090909090909091-0.0909090909090909j),(2173.3724916107303+0j),(0.8720777973706721-0.08720777973706721j),(2084.884884884885+0j),(0.8365716531335715-0.08365716531335714j),(2000+0j)
1.0431431431431433,(0.9090909090909092-0.09090909090909091j),(2176.2952341731125+0j),(0.8714920047805568-0.08714920047805567j),(2086.2862862862867+0j),(0.8354481458360771-0.08354481458360773j),(2000+0j)
1.043843843843844,(0.9090909090909091-0.09090909090909091j),(2179.2199406613827+0j),(0.8709069986400252-0.08709069986400253j),(2087.687687687688+0j),(0.8343269003081941-0.08343269003081943j),(2000+0j)
1.0445445445445445,(0.9090909090909091-0.0909090909090909j),(2182.14661107554+0j),(0.8703227773663808-0.08703227773663806j),(2089.089089089089+0j),(0.8332079104830036-0.08332079104830035j),(2000+0j)
1.0452452452452452,(0.9090909090909091-0.09090909090909091j),(2185.0752454155854+0j),(0.8697393393811708-0.08697393393811707j),(2090.4904904904906+0j),(0.8320911703139144-0.08320911703139144j),(2000+0j)
1.045945945945946,(0.9090909090909091-0.09090909090909091j),(2188.0058436815193+0j),(0.8691566831101716-0.08691566831101717j),(2091.8918918918916+0j),(0.8309766737745826-0.08309766737745827j),(2000+0j)
1.0466466466466466,(0.9090909090909092-0.09090909090909093j),(2190.938405873341+0j),(0.8685748069833762-0.08685748069833762j),(2093.293293293293+0j),(0.8298644148588301-0.08298644148588301j),(2000+0j)
1.0473473473473474,(0.9090909090909092-0.09090909090909093j),(2193.87293199105+0j),(0.8679937094349787-0.08679937094349786j),(2094.6946946946946+0j),(0.8287543875805636-0.08287543875805636j),(2000+0j)
1.048048048048048,(0.9090909090909091-0.09090909090909091j),(2196.8094220346475+0j),(0.8674133889033603-0.08674133889033601j),(2096.096096096096+0j),(0.8276465859736932-0.08276465859736934j),(2000+0j)
1.0487487487487488,(0.9090909090909091-0.0909090909090909j),(2199.747876004132+0j),(0.866833843831076-0.08668338438310758j),(2097.4974974974975+0j),(0.8265410040920538-0.08265410040920537j),(2000+0j)
1.0494494494494495,(0.9090909090909092-0.09090909090909093j),(2202.6882938995054+0j),(0.8662550726648398-0.08662550726648399j),(2098.898898898899+0j),(0.8254376360093236-0.08254376360093237j),(2000+0j)
1.0501501501501502,(0.9090909090909091-0.09090909090909091j),(2205.6306757207662+0j),(0.8656770738555124-0.08656770738555125j),(2100.3003003003005+0j),(0.8243364758189465-0.08243364758189466j),(2000+0j)
1.050850850850851,(0.9090909090909091-0.09090909090909087j),(2208.5750214679147+0j),(0.8650998458580854-0.08650998458580855j),(2101.701701701702+0j),(0.8232375176340516-0.08232375176340517j),(2000+0j)
1.0515515515515514,(0.9090909090909092-0.09090909090909093j),(2211.5213311409507+0j),(0.8645233871316688-0.08645233871316686j),(2103.103103103103+0j),(0.8221407555873748-0.08221407555873748j),(2000+0j)
1.0522522522522522,(0.9090909090909088-0.09090909090909087j),(2214.4696047398743+0j),(0.8639476961394772-0.08639476961394772j),(2104.5045045045044+0j),(0.8210461838311813-0.08210461838311815j),(2000+0j)
1.0529529529529529,(0.9090909090909091-0.09090909090909091j),(2217.419842264687+0j),(0.8633727713488147-0.08633727713488148j),(2105.905905905906+0j),(0.8199537965371859-0.0819953796537186j),(2000+0j)
1.0536536536536536,(0.9090909090909091-0.0909090909090909j),(2220.3720437153866+0j),(0.8627986112310644-0.08627986112310641j),(2107.3073073073074+0j),(0.8188635878964785-0.08188635878964785j),(2000+0j)
1.0543543543543543,(0.9090909090909092-0.0909090909090909j),(2223.3262090919748+0j),(0.8622252142616711-0.08622252142616711j),(2108.708708708709+0j),(0.8177755521194432-0.08177755521194432j),(2000+0j)
1.055055055055055,(0.9090909090909091-0.0909090909090909j),(2226.2823383944506+0j),(0.861652578920131-0.08616525789201313j),(2110.11011011011+0j),(0.8166896834356839-0.0816689683435684j),(2000+0j)
1.0557557557557558,(0.9090909090909092-0.09090909090909093j),(2229.240431622814+0j),(0.8610807036899765-0.08610807036899765j),(2111.5115115115113+0j),(0.8156059760939476-0.08156059760939477j),(2000+0j)
1.0564564564564565,(0.9090909090909092-0.0909090909090909j),(2232.2004887770654+0j),(0.8605095870587626-0.08605095870587624j),(2112.912912912913+0j),(0.8145244243620465-0.08145244243620464j),(2000+0j)
1.0571571571571572,(0.9090909090909092-0.09090909090909091j),(2235.162509857205+0j),(0.8599392275180552-0.08599392275180552j),(2114.3143143143143+0j),(0.8134450225267844-0.08134450225267843j),(2000+0j)
1.057857857857858,(0.9090909090909091-0.09090909090909091j),(2238.126494863232+0j),(0.8593696235634161-0.08593696235634163j),(2115.7157157157158+0j),(0.8123677648938802-0.08123677648938803j),(2000+0j)
1.0585585585585586,(0.9090909090909092-0.09090909090909091j),(2241.092443795147+0j),(0.8588007736943905-0.08588007736943905j),(2117.1171171171172+0j),(0.8112926457878922-0.08112926457878922j),(2000+0j)
1.0592592592592593,(0.9090909090909091-0.0909090909090909j),(2244.0603566529494+0j),(0.8582326764144945-0.08582326764144944j),(2118.5185185185187+0j),(0.810219659552145-0.0810219659552145j),(2000+0j)
1.05995995995996,(0.9090909090909088-0.09090909090909088j),(2247.03023343664+0j),(0.8576653302312003-0.08576653302312004j),(2119.91991991992+0j),(0.8091488005486533-0.08091488005486534j),(2000+0j)
1.0606606606606608,(0.9090909090909092-0.0909090909090909j),(2250.002074146219+0j),(0.8570987336559249-0.08570987336559249j),(2121.3213213213216+0j),(0.8080800631580491-0.08080800631580493j),(2000+0j)
1.0613613613613615,(0.9090909090909092-0.09090909090909094j),(2252.9758787816854+0j),(0.8565328852040157-0.08565328852040156j),(2122.722722722723+0j),(0.8070134417795074-0.08070134417795075j),(2000+0j)
1.0620620620620622,(0.9090909090909092-0.09090909090909091j),(2255.9516473430394+0j),(0.855967783394739-0.0855967783394739j),(2124.1241241241246+0j),(0.805948930830673-0.0805948930830673j),(2000+0j)
1.0627627627627627,(0.9090909090909088-0.09090909090909087j),(2258.92937983028+0j),(0.8554034267512655-0.08554034267512656j),(2125.5255255255256+0j),(0.8048865247475877-0.08048865247475877j),(2000+0j)
1.0634634634634634,(0.9090909090909091-0.09090909090909088j),(2261.9090762434103+0j),(0.8548398138006572-0.0854839813800657j),(2126.926926926927+0j),(0.8038262179846164-0.08038262179846165j),(2000+0j)
1.0641641641641642,(0.9090909090909092-0.09090909090909091j),(2264.8907365824284+0j),(0.8542769430738577-0.08542769430738578j),(2128.328328328328+0j),(0.8027680050143767-0.08027680050143766j),(2000+0j)
1.0648648648648649,(0.9090909090909092-0.09090909090909094j),(2267.8743608473337+0j),(0.853714813105676-0.08537148131056761j),(2129.7297297297296+0j),(0.8017118803276653-0.08017118803276653j),(2000+0j)
1.0655655655655656,(0.9090909090909091-0.09090909090909091j),(2270.8599490381275+0j),(0.8531534224347751-0.08531534224347752j),(2131.131131131131+0j),(0.8006578384333869-0.0800657838433387j),(2000+0j)
1.0662662662662663,(0.9090909090909091-0.09090909090909088j),(2273.847501154809+0j),(0.8525927696036595-0.08525927696036595j),(2132.5325325325325+0j),(0.7996058738584828-0.07996058738584828j),(2000+0j)
1.066966966966967,(0.9090909090909092-0.09090909090909093j),(2276.837017197378+0j),(0.8520328531586623-0.08520328531586624j),(2133.933933933934+0j),(0.7985559811478595-0.07985559811478596j),(2000+0j)
1.0676676676676677,(0.9090909090909092-0.09090909090909093j),(2279.828497165835+0j),(0.8514736716499325-0.08514736716499326j),(2135.3353353353355+0j),(0.7975081548643189-0.07975081548643188j),(2000+0j)
1.0683683683683685,(0.9090909090909091-0.09090909090909091j),(2282.8219410601796+0j),(0.8509152236314232-0.08509152236314231j),(2136.736736736737+0j),(0.7964623895884866-0.07964623895884866j),(2000+0j)
1.069069069069069,(0.9090909090909091-0.0909090909090909j),(2285.8173488804114+0j),(0.8503575076608786-0.08503575076608787j),(2138.138138138138+0j),(0.795418679918743-0.0795418679918743j),(2000+0j)
1.0697697697697697,(0.9090909090909091-0.0909090909090909j),(2288.814720626532+0j),(0.8498005222998205-0.08498005222998206j),(2139.5395395395394+0j),(0.7943770204711526-0.07943770204711526j),(2000+0j)
1.0704704704704704,(0.9090909090909091-0.09090909090909094j),(2291.8140562985404+0j),(0.8492442661135386-0.08492442661135385j),(2140.940940940941+0j),(0.793337405879395-0.0793337405879395j),(2000+0j)
1.071171171171171,(0.9090909090909092-0.09090909090909091j),(2294.815355896437+0j),(0.8486887376710758-0.08486887376710758j),(2142.3423423423424+0j),(0.7922998307946965-0.07922998307946966j),(2000+0j)
1.0718718718718718,(0.9090909090909091-0.09090909090909094j),(2297.818619420221+0j),(0.8481339355452171-0.08481339355452171j),(2143.743743743744+0j),(0.7912642898857598-0.079126428988576j),(2000+0j)
1.0725725725725725,(0.9090909090909092-0.0909090909090909j),(2300.823846869893+0j),(0.8475798583124764-0.08475798583124763j),(2145.1451451451453+0j),(0.7902307778386969-0.07902307778386969j),(2000+0j)
1.0732732732732733,(0.9090909090909091-0.09090909090909091j),(2303.831038245453+0j),(0.8470265045530854-0.08470265045530856j),(2146.5465465465463+0j),(0.7891992893569598-0.078919928935696j),(2000+0j)
1.073973973973974,(0.9090909090909092-0.09090909090909094j),(2306.8401935469005+0j),(0.8464738728509816-0.08464738728509819j),(2147.947947947948+0j),(0.7881698191612737-0.07881698191612739j),(2000+0j)
1.0746746746746747,(0.9090909090909091-0.09090909090909094j),(2309.851312774236+0j),(0.8459219617937948-0.08459219617937948j),(2149.3493493493493+0j),(0.7871423619895686-0.07871423619895684j),(2000+0j)
1.0753753753753754,(0.9090909090909091-0.09090909090909093j),(2312.864395927459+0j),(0.8453707699728363-0.08453707699728363j),(2150.7507507507507+0j),(0.7861169125969129-0.07861169125969131j),(2000+0j)
1.0760760760760761,(0.9090909090909092-0.09090909090909091j),(2315.8794430065705+0j),(0.8448202959830868-0.0844820295983087j),(2152.152152152152+0j),(0.7850934657554451-0.07850934657554452j),(2000+0j)
1.0767767767767769,(0.9090909090909092-0.09090909090909094j),(2318.8964540115694+0j),(0.8442705384231832-0.08442705384231833j),(2153.5535535535537+0j),(0.7840720162543087-0.07840720162543088j),(2000+0j)
1.0774774774774776,(0.9090909090909091-0.0909090909090909j),(2321.9154289424564+0j),(0.8437214958954089-0.0843721495895409j),(2154.954954954955+0j),(0.783052558899585-0.07830525588995851j),(2000+0j)
1.0781781781781783,(0.9090909090909091-0.0909090909090909j),(2324.936367799231+0j),(0.8431731670056802-0.08431731670056802j),(2156.3563563563566+0j),(0.7820350885142274-0.07820350885142274j),(2000+0j)
1.078878878878879,(0.9090909090909091-0.0909090909090909j),(2327.9592705818936+0j),(0.842625550363535-0.08426255503635349j),(2157.757757757758+0j),(0.7810195999379953-0.07810195999379954j),(2000+0j)
1.0795795795795797,(0.9090909090909092-0.09090909090909091j),(2330.9841372904443+0j),(0.8420786445821216-0.08420786445821214j),(2159.1591591591596+0j),(0.7800060880273891-0.07800060880273892j),(2000+0j)
1.0802802802802802,(0.9090909090909092-0.09090909090909093j),(2334.0109679248817+0j),(0.8415324482781859-0.08415324482781858j),(2160.5605605605606+0j),(0.7789945476555853-0.07789945476555854j),(2000+0j)
1.080980980980981,(0.9090909090909092-0.0909090909090909j),(2337.0397624852076+0j),(0.8409869600720608-0.08409869600720606j),(2161.961961961962+0j),(0.7779849737123702-0.07779849737123704j),(2000+0j)
1.0816816816816817,(0.9090909090909091-0.09090909090909091j),(2340.070520971422+0j),(0.8404421785876536-0.08404421785876537j),(2163.3633633633635+0j),(0.776977361104077-0.07769773611040771j),(2000+0j)
1.0823823823823824,(0.9090909090909092-0.09090909090909091j),(2343.103243383524+0j),(0.8398981024524351-0.08398981024524352j),(2164.7647647647645+0j),(0.7759717047535214-0.07759717047535214j),(2000+0j)
1.083083083083083,(0.9090909090909091-0.09090909090909093j),(2346.137929721513+0j),(0.8393547302974291-0.08393547302974293j),(2166.166166166166+0j),(0.7749679995999366-0.07749679995999366j),(2000+0j)
1.0837837837837838,(0.9090909090909092-0.09090909090909093j),(2349.174579985391+0j),(0.8388120607571978-0.08388120607571979j),(2167.5675675675675+0j),(0.7739662405989107-0.07739662405989106j),(2000+0j)
1.0844844844844845,(0.9090909090909091-0.09090909090909091j),(2352.2131941751563+0j),(0.838270092469834-0.0838270092469834j),(2168.968968968969+0j),(0.7729664227223224-0.07729664227223225j),(2000+0j)
1.0851851851851853,(0.9090909090909091-0.0909090909090909j),(2355.2537722908096+0j),(0.8377288240769468-0.08377288240769469j),(2170.3703703703704+0j),(0.7719685409582785-0.07719685409582784j),(2000+0j)
1.085885885885886,(0.9090909090909091-0.09090909090909093j),(2358.2963143323504+0j),(0.8371882542236525-0.08371882542236524j),(2171.771771771772+0j),(0.7709725903110515-0.07709725903110516j),(2000+0j)
1.0865865865865867,(0.9090909090909091-0.09090909090909091j),(2361.34082029978+0j),(0.8366483815585611-0.0836648381558561j),(2173.1731731731734+0j),(0.7699785658010155-0.07699785658010155j),(2000+0j)
1.0872872872872872,(0.9090909090909091-0.09090909090909091j),(2364.3872901930954+0j),(0.8361092047337676-0.08361092047337676j),(2174.5745745745744+0j),(0.7689864624645864-0.07689864624645865j),(2000+0j)
1.087987987987988,(0.9090909090909092-0.09090909090909093j),(2367.4357240123004+0j),(0.8355707224048378-0.08355707224048377j),(2175.975975975976+0j),(0.7679962753541568-0.0767996275354157j),(2000+0j)
1.0886886886886886,(0.9090909090909091-0.09090909090909091j),(2370.4861217573925+0j),(0.8350329332308003-0.08350329332308003j),(2177.3773773773773+0j),(0.7670079995380373-0.07670079995380374j),(2000+0j)
1.0893893893893893,(0.9090909090909091-0.09090909090909093j),(2373.538483428373+0j),(0.8344958358741322-0.08344958358741321j),(2178.778778778779+0j),(0.7660216301003934-0.07660216301003935j),(2000+0j)
1.09009009009009,(0.9090909090909091-0.09090909090909093j),(2376.5928090252414+0j),(0.8339594290007514-0.08339594290007513j),(2180.1801801801803+0j),(0.7650371621411849-0.0765037162141185j),(2000+0j)
1.0907907907907908,(0.9090909090909091-0.09090909090909093j),(2379.6490985479973+0j),(0.8334237112800023-0.0833423711280002j),(2181.5815815815818+0j),(0.7640545907761054-0.07640545907761054j),(2000+0j)
1.0914914914914915,(0.9090909090909092-0.09090909090909091j),(2382.7073519966416+0j),(0.8328886813846461-0.08328886813846463j),(2182.982982982983+0j),(0.76307391113652-0.076307391113652j),(2000+0j)
1.0921921921921922,(0.9090909090909092-0.09090909090909091j),(2385.767569371173+0j),(0.8323543379908516-0.08323543379908517j),(2184.3843843843842+0j),(0.7620951183694077-0.07620951183694077j),(2000+0j)
1.092892892892893,(0.9090909090909092-0.09090909090909093j),(2388.8297506715926+0j),(0.8318206797781811-0.08318206797781809j),(2185.7857857857857+0j),(0.7611182076372988-0.07611182076372987j),(2000+0j)
1.0935935935935936,(0.9090909090909088-0.09090909090909088j),(2391.8938958979+0j),(0.8312877054295819-0.0831287705429582j),(2187.187187187187+0j),(0.760143174118217-0.0760143174118217j),(2000+0j)
1.0942942942942944,(0.9090909090909091-0.09090909090909088j),(2394.960005050096+0j),(0.830755413631374-0.08307554136313738j),(2188.5885885885887+0j),(0.7591700130056188-0.07591700130056189j),(2000+0j)
1.094994994994995,(0.9090909090909088-0.09090909090909088j),(2398.0280781281785+0j),(0.8302238030732407-0.08302238030732409j),(2189.98998998999+0j),(0.7581987195083348-0.07581987195083349j),(2000+0j)
1.0956956956956958,(0.9090909090909091-0.0909090909090909j),(2401.09811513215+0j),(0.8296928724482165-0.08296928724482165j),(2191.3913913913916+0j),(0.7572292888505102-0.07572292888505104j),(2000+0j)
1.0963963963963965,(0.9090909090909091-0.09090909090909091j),(2404.1701160620087+0j),(0.8291626204526779-0.0829162620452678j),(2192.792792792793+0j),(0.7562617162715467-0.07562617162715468j),(2000+0j)
1.0970970970970972,(0.9090909090909091-0.09090909090909088j),(2407.244080917755+0j),(0.8286330457863303-0.08286330457863303j),(2194.1941941941946+0j),(0.7552959970260436-0.07552959970260437j),(2000+0j)
1.097797797797798,(0.9090909090909088-0.09090909090909087j),(2410.3200096993896+0j),(0.8281041471522002-0.08281041471522002j),(2195.595595595596+0j),(0.7543321263837403-0.07543321263837403j),(2000+0j)
1.0984984984984985,(0.9090909090909091-0.09090909090909093j),(2413.3979024069113+0j),(0.8275759232566231-0.08275759232566231j),(2196.996996996997+0j),(0.7533700996294574-0.07533700996294575j),(2000+0j)
1.0991991991991992,(0.9090909090909091-0.09090909090909087j),(2416.477759040322+0j),(0.8270483728092325-0.08270483728092325j),(2198.3983983983985+0j),(0.752409912063039-0.0752409912063039j),(2000+0j)
1.0998998998999,(0.9090909090909091-0.09090909090909088j),(2419.5595795996196+0j),(0.8265214945229508-0.08265214945229507j),(2199.7997997998+0j),(0.751451558999297-0.0751451558999297j),(2000+0j)
1.1006006006006006,(0.9090909090909091-0.09090909090909088j),(2422.643364084806+0j),(0.8259952871139774-0.08259952871139775j),(2201.201201201201+0j),(0.7504950357679521-0.07504950357679521j),(2000+0j)
1.1013013013013013,(0.9090909090909091-0.0909090909090909j),(2425.7291124958792+0j),(0.8254697493017799-0.08254697493017799j),(2202.6026026026025+0j),(0.7495403377135775-0.07495403377135776j),(2000+0j)
1.102002002002002,(0.9090909090909092-0.09090909090909093j),(2428.816824832841+0j),(0.8249448798090819-0.08249448798090821j),(2204.004004004004+0j),(0.7485874601955425-0.07485874601955426j),(2000+0j)
1.1027027027027028,(0.9090909090909091-0.0909090909090909j),(2431.9065010956906+0j),(0.824420677361854-0.0824420677361854j),(2205.4054054054054+0j),(0.7476363985879556-0.07476363985879557j),(2000+0j)
1.1034034034034035,(0.9090909090909092-0.0909090909090909j),(2434.998141284428+0j),(0.8238971406893025-0.08238971406893025j),(2206.806806806807+0j),(0.7466871482796091-0.07466871482796093j),(2000+0j)
1.1041041041041042,(0.9090909090909091-0.09090909090909091j),(2438.0917453990533+0j),(0.8233742685238606-0.08233742685238607j),(2208.2082082082084+0j),(0.7457397046739225-0.07457397046739225j),(2000+0j)
1.1048048048048047,(0.9090909090909091-0.09090909090909093j),(2441.187313439565+0j),(0.8228520596011764-0.08228520596011762j),(2209.6096096096094+0j),(0.7447940631888875-0.07447940631888875j),(2000+0j)
1.1055055055055054,(0.9090909090909092-0.09090909090909091j),(2444.2848454059663+0j),(0.8223305126601034-0.08223305126601033j),(2211.011011011011+0j),(0.7438502192570113-0.07438502192570114j),(2000+0j)
1.1062062062062061,(0.9090909090909091-0.0909090909090909j),(2447.384341298255+0j),(0.8218096264426915-0.08218096264426916j),(2212.4124124124123+0j),(0.7429081683252634-0.07429081683252635j),(2000+0j)
1.1069069069069069,(0.9090909090909092-0.09090909090909093j),(2450.4858011164315+0j),(0.8212893996941746-0.08212893996941745j),(2213.813813813814+0j),(0.7419679058550194-0.07419679058550194j),(2000+0j)
1.1076076076076076,(0.9090909090909092-0.09090909090909093j),(2453.589224860496+0j),(0.8207698311629626-0.08207698311629624j),(2215.2152152152153+0j),(0.7410294273220059-0.07410294273220058j),(2000+0j)
1.1083083083083083,(0.9090909090909091-0.09090909090909088j),(2456.6946125304485+0j),(0.8202509196006308-0.08202509196006308j),(2216.6166166166167+0j),(0.7400927282162482-0.07400927282162481j),(2000+0j)
1.109009009009009,(0.9090909090909091-0.09090909090909093j),(2459.801964126288+0j),(0.8197326637619086-0.08197326637619083j),(2218.018018018018+0j),(0.7391578040420133-0.07391578040420133j),(2000+0j)
1.1097097097097097,(0.9090909090909092-0.09090909090909093j),(2462.9112796480163+0j),(0.819215062404671-0.08192150624046711j),(2219.4194194194192+0j),(0.7382246503177576-0.07382246503177575j),(2000+0j)
1.1104104104104104,(0.9090909090909091-0.09090909090909091j),(2466.022559095632+0j),(0.818698114289929-0.08186981142899291j),(2220.8208208208207+0j),(0.7372932625760741-0.0737293262576074j),(2000+0j)
1.1111111111111112,(0.9090909090909091-0.0909090909090909j),(2469.1358024691363+0j),(0.8181818181818182-0.08181818181818182j),(2222.222222222222+0j),(0.7363636363636362-0.07363636363636362j),(2000+0j)
1.1118118118118119,(0.9090909090909091-0.09090909090909091j),(2472.2510097685276+0j),(0.8176661728475899-0.08176661728475898j),(2223.6236236236236+0j),(0.7354357672411471-0.07354357672411471j),(2000+0j)
1.1125125125125126,(0.9090909090909092-0.09090909090909093j),(2475.368180993807+0j),(0.8171511770576014-0.08171511770576013j),(2225.025025025025+0j),(0.7345096507832856-0.07345096507832857j),(2000+0j)
1.1132132132132133,(0.9090909090909091-0.09090909090909091j),(2478.487316144974+0j),(0.8166368295853055-0.08166368295853055j),(2226.4264264264266+0j),(0.733585282578653-0.07335852825786529j),(2000+0j)
1.113913913913914,(0.9090909090909091-0.09090909090909091j),(2481.608415222029+0j),(0.8161231292072413-0.08161231292072413j),(2227.827827827828+0j),(0.7326626582297213-0.07326626582297213j),(2000+0j)
1.1146146146146148,(0.9090909090909091-0.09090909090909091j),(2484.7314782249723+0j),(0.8156100747030247-0.08156100747030248j),(2229.2292292292295+0j),(0.7317417733527809-0.07317417733527809j),(2000+0j)
1.1153153153153155,(0.9090909090909091-0.0909090909090909j),(2487.856505153803+0j),(0.8150976648553384-0.08150976648553385j),(2230.630630630631+0j),(0.7308226235778881-0.07308226235778882j),(2000+0j)
1.116016016016016,(0.9090909090909092-0.09090909090909091j),(2490.983496008521+0j),(0.8145858984499222-0.0814585898449922j),(2232.032032032032+0j),(0.7299052045488135-0.07299052045488134j),(2000+0j)
1.1167167167167167,(0.9090909090909092-0.09090909090909093j),(2494.1124507891273+0j),(0.8140747742755633-0.08140747742755633j),(2233.4334334334335+0j),(0.7289895119229899-0.07289895119229899j),(2000+0j)
1.1174174174174174,(0.9090909090909091-0.09090909090909088j),(2497.2433694956217+0j),(0.8135642911240869-0.08135642911240867j),(2234.834834834835+0j),(0.7280755413714617-0.07280755413714617j),(2000+0j)
1.1181181181181181,(0.9090909090909092-0.09090909090909094j),(2500.376252128004+0j),(0.8130544477903476-0.08130544477903476j),(2236.2362362362364+0j),(0.7271632885788336-0.07271632885788336j),(2000+0j)
1.1188188188188188,(0.9090909090909088-0.09090909090909087j),(2503.5110986862737+0j),(0.8125452430722181-0.08125452430722181j),(2237.6376376376375+0j),(0.7262527492432189-0.0726252749243219j),(2000+0j)
1.1195195195195196,(0.9090909090909091-0.09090909090909091j),(2506.647909170432+0j),(0.8120366757705813-0.08120366757705812j),(2239.039039039039+0j),(0.7253439190761898-0.07253439190761898j),(2000+0j)
1.1202202202202203,(0.9090909090909091-0.0909090909090909j),(2509.7866835804775+0j),(0.8115287446893202-0.081152874468932j),(2240.4404404404404+0j),(0.7244367938027261-0.0724436793802726j),(2000+0j)
1.120920920920921,(0.9090909090909091-0.0909090909090909j),(2512.9274219164113+0j),(0.8110214486353082-0.08110214486353085j),(2241.841841841842+0j),(0.7235313691611652-0.07235313691611653j),(2000+0j)
1.1216216216216217,(0.9090909090909091-0.09090909090909091j),(2516.0701241782326+0j),(0.8105147864184008-0.08105147864184009j),(2243.2432432432433+0j),(0.7226276409031526-0.07226276409031528j),(2000+0j)
1.1223223223223222,(0.9090909090909091-0.09090909090909088j),(2519.214790365941+0j),(0.8100087568514257-0.08100087568514255j),(2244.6446446446444+0j),(0.7217256047935909-0.0721725604793591j),(2000+0j)
1.123023023023023,(0.9090909090909092-0.09090909090909091j),(2522.3614204795385+0j),(0.809503358750172-0.08095033587501721j),(2246.046046046046+0j),(0.7208252566105909-0.07208252566105909j),(2000+0j)
1.1237237237237236,(0.9090909090909092-0.09090909090909093j),(2525.510014519023+0j),(0.8089985909333852-0.08089985909333854j),(2247.4474474474473+0j),(0.719926592145423-0.07199265921454229j),(2000+0j)
1.1244244244244244,(0.9090909090909092-0.09090909090909093j),(2528.660572484396+0j),(0.8084944522227527-0.08084944522227529j),(2248.848848848849+0j),(0.7190296072024659-0.07190296072024659j),(2000+0j)
1.125125125125125,(0.9090909090909092-0.09090909090909093j),(2531.813094375657+0j),(0.8079909414428987-0.08079909414428987j),(2250.2502502502502+0j),(0.71813429759916-0.071813429759916j),(2000+0j)
1.1258258258258258,(0.9090909090909088-0.09090909090909087j),(2534.967580192805+0j),(0.8074880574213729-0.0807488057421373j),(2251.6516516516517+0j),(0.7172406591659567-0.07172406591659568j),(2000+0j)
1.1265265265265265,(0.9090909090909092-0.09090909090909093j),(2538.1240299358415+0j),(0.8069857989886422-0.08069857989886421j),(2253.053053053053+0j),(0.7163486877462714-0.07163486877462714j),(2000+0j)
1.1272272272272272,(0.9090909090909091-0.0909090909090909j),(2541.2824436047663+0j),(0.8064841649780822-0.08064841649780821j),(2254.4544544544547+0j),(0.7154583791964335-0.07154583791964335j),(2000+0j)
1.127927927927928,(0.9090909090909091-0.09090909090909091j),(2544.4428211995782+0j),(0.8059831542259658-0.08059831542259657j),(2255.855855855856+0j),(0.7145697293856405-0.07145697293856405j),(2000+0j)
1.1286286286286287,(0.9090909090909092-0.09090909090909091j),(2547.6051627202783+0j),(0.8054827655714571-0.08054827655714572j),(2257.257257257257+0j),(0.7136827341959076-0.07136827341959076j),(2000+0j)
1.1293293293293294,(0.9090909090909091-0.09090909090909093j),(2550.769468166866+0j),(0.8049829978566017-0.08049829978566019j),(2258.6586586586586+0j),(0.7127973895220219-0.0712797389522022j),(2000+0j)
1.13003003003003,(0.9090909090909091-0.0909090909090909j),(2553.9357375393415+0j),(0.8044838499263159-0.08044838499263163j),(2260.06006006006+0j),(0.711913691271494-0.0711913691271494j),(2000+0j)
1.1307307307307308,(0.9090909090909091-0.09090909090909088j),(2557.103970837705+0j),(0.8039853206283799-0.08039853206283801j),(2261.4614614614616+0j),(0.711031635364511-0.0711031635364511j),(2000+0j)
1.1314314314314315,(0.9090909090909091-0.09090909090909091j),(2560.2741680619565+0j),(0.8034874088134283-0.08034874088134283j),(2262.862862862863+0j),(0.710151217733889-0.07101512177338891j),(2000+0j)
1.1321321321321323,(0.9090909090909092-0.09090909090909093j),(2563.446329212096+0j),(0.8029901133349407-0.08029901133349408j),(2264.2642642642645+0j),(0.7092724343250272-0.07092724343250272j),(2000+0j)
1.132832832832833,(0.9090909090909091-0.09090909090909088j),(2566.620454288123+0j),(0.8024934330492338-0.08024934330492339j),(2265.665665665666+0j),(0.7083952810958598-0.07083952810958598j),(2000+0j)
1.1335335335335335,(0.9090909090909092-0.09090909090909093j),(2569.796543290037+0j),(0.8019973668154522-0.08019973668154522j),(2267.067067067067+0j),(0.707519754016811-0.0707519754016811j),(2000+0j)
1.1342342342342342,(0.9090909090909092-0.09090909090909091j),(2572.9745962178395+0j),(0.8015019134955591-0.08015019134955591j),(2268.4684684684685+0j),(0.7066458490707472-0.07066458490707472j),(2000+0j)
1.134934934934935,(0.9090909090909091-0.09090909090909091j),(2576.1546130715296+0j),(0.8010070719543289-0.08010070719543287j),(2269.86986986987+0j),(0.7057735622529323-0.07057735622529324j),(2000+0j)
1.1356356356356356,(0.9090909090909091-0.09090909090909091j),(2579.3365938511083+0j),(0.8005128410593373-0.08005128410593373j),(2271.2712712712714+0j),(0.704902889570981-0.07049028895709812j),(2000+0j)
1.1363363363363364,(0.9090909090909091-0.09090909090909088j),(2582.5205385565746+0j),(0.8000192196809535-0.08000192196809536j),(2272.672672672673+0j),(0.7040338270448134-0.07040338270448135j),(2000+0j)
1.137037037037037,(0.9090909090909091-0.0909090909090909j),(2585.706447187929+0j),(0.7995262066923305-0.07995262066923305j),(2274.0740740740744+0j),(0.7031663707066097-0.07031663707066098j),(2000+0j)
1.1377377377377378,(0.9090909090909091-0.09090909090909088j),(2588.894319745171+0j),(0.799033800969398-0.07990338009693981j),(2275.4754754754754+0j),(0.7023005166007643-0.07023005166007644j),(2000+0j)
1.1384384384384385,(0.9090909090909092-0.09090909090909093j),(2592.084156228301+0j),(0.7985420013908537-0.0798542001390854j),(2276.876876876877+0j),(0.7014362607838414-0.07014362607838413j),(2000+0j)
1.1391391391391392,(0.9090909090909091-0.09090909090909088j),(2595.2759566373184+0j),(0.7980508068381529-0.0798050806838153j),(2278.2782782782783+0j),(0.7005735993245297-0.07005735993245298j),(2000+0j)
1.13983983983984,(0.9090909090909091-0.09090909090909088j),(2598.469720972224+0j),(0.7975602161955018-0.07975602161955017j),(2279.67967967968+0j),(0.6997125283035975-0.06997125283035975j),(2000+0j)
1.1405405405405404,(0.9090909090909091-0.0909090909090909j),(2601.6654492330163+0j),(0.7970702283498493-0.07970702283498494j),(2281.081081081081+0j),(0.698853043813849-0.06988530438138492j),(2000+0j)
1.1412412412412412,(0.9090909090909088-0.0909090909090909j),(2604.8631414196975+0j),(0.7965808421908764-0.07965808421908765j),(2282.4824824824823+0j),(0.6979951419600785-0.06979951419600786j),(2000+0j)
1.1419419419419419,(0.9090909090909091-0.0909090909090909j),(2608.062797532267+0j),(0.7960920566109906-0.07960920566109907j),(2283.8838838838838+0j),(0.6971388188590285-0.06971388188590284j),(2000+0j)
1.1426426426426426,(0.9090909090909091-0.09090909090909093j),(2611.2644175707237+0j),(0.7956038705053159-0.07956038705053159j),(2285.285285285285+0j),(0.6962840706393435-0.06962840706393436j),(2000+0j)
1.1433433433433433,(0.9090909090909092-0.09090909090909091j),(2614.4680015350687+0j),(0.7951162827716844-0.07951162827716844j),(2286.6866866866867+0j),(0.6954308934415278-0.06954308934415278j),(2000+0j)
1.144044044044044,(0.9090909090909092-0.09090909090909093j),(2617.673549425301+0j),(0.7946292923106292-0.07946292923106292j),(2288.088088088088+0j),(0.6945792834179005-0.06945792834179006j),(2000+0j)
1.1447447447447447,(0.9090909090909091-0.09090909090909093j),(2620.8810612414213+0j),(0.7941428980253745-0.07941428980253747j),(2289.4894894894896+0j),(0.6937292367325543-0.06937292367325544j),(2000+0j)
1.1454454454454455,(0.9090909090909091-0.0909090909090909j),(2624.09053698343+0j),(0.7936570988218284-0.07936570988218285j),(2290.890890890891+0j),(0.6928807495613095-0.06928807495613094j),(2000+0j)
1.1461461461461462,(0.9090909090909092-0.09090909090909093j),(2627.301976651326+0j),(0.7931718936085749-0.07931718936085748j),(2292.2922922922926+0j),(0.6920338180916735-0.06920338180916735j),(2000+0j)
1.146846846846847,(0.9090909090909092-0.09090909090909091j),(2630.5153802451105+0j),(0.7926872812968646-0.07926872812968647j),(2293.6936936936936+0j),(0.6911884385227965-0.06911884385227966j),(2000+0j)
1.1475475475475476,(0.9090909090909091-0.09090909090909091j),(2633.730747764782+0j),(0.792203260800609-0.0792203260800609j),(2295.095095095095+0j),(0.6903446070654294-0.06903446070654294j),(2000+0j)
1.1482482482482483,(0.9090909090909092-0.09090909090909094j),(2636.948079210342+0j),(0.7917198310363684-0.07917198310363686j),(2296.4964964964965+0j),(0.6895023199418813-0.06895023199418814j),(2000+0j)
1.148948948948949,(0.9090909090909091-0.0909090909090909j),(2640.1673745817893+0j),(0.7912369909233472-0.07912369909233471j),(2297.897897897898+0j),(0.6886615733859766-0.06886615733859765j),(2000+0j)
1.1496496496496498,(0.9090909090909088-0.0909090909090909j),(2643.388633879125+0j),(0.7907547393833854-0.07907547393833855j),(2299.2992992992995+0j),(0.6878223636430142-0.06878223636430142j),(2000+0j)
1.1503503503503505,(0.9090909090909091-0.09090909090909093j),(2646.611857102348+0j),(0.7902730753409485-0.07902730753409486j),(2300.700700700701+0j),(0.6869846869697245-0.06869846869697244j),(2000+0j)
1.151051051051051,(0.9090909090909091-0.09090909090909091j),(2649.8370442514583+0j),(0.7897919977231221-0.07897919977231221j),(2302.102102102102+0j),(0.6861485396342284-0.06861485396342284j),(2000+0j)
1.1517517517517517,(0.9090909090909091-0.0909090909090909j),(2653.064195326457+0j),(0.789311505459602-0.07893115054596019j),(2303.5035035035035+0j),(0.6853139179159938-0.06853139179159937j),(2000+0j)
1.1524524524524524,(0.9090909090909091-0.0909090909090909j),(2656.293310327344+0j),(0.7888315974826876-0.07888315974826876j),(2304.904904904905+0j),(0.6844808181057978-0.06844808181057978j),(2000+0j)
1.1531531531531531,(0.9090909090909092-0.09090909090909094j),(2659.524389254119+0j),(0.7883522727272726-0.07883522727272727j),(2306.3063063063064+0j),(0.6836492365056817-0.06836492365056818j),(2000+0j)
1.1538538538538539,(0.9090909090909091-0.09090909090909093j),(2662.7574321067814+0j),(0.7878735301308392-0.07878735301308393j),(2307.707707707708+0j),(0.6828191694289132-0.06828191694289132j),(2000+0j)
1.1545545545545546,(0.9090909090909092-0.09090909090909093j),(2665.992438885332+0j),(0.7873953686334475-0.07873953686334476j),(2309.1091091091093+0j),(0.6819906131999427-0.06819906131999427j),(2000+0j)
1.1552552552552553,(0.9090909090909091-0.09090909090909091j),(2669.22940958977+0j),(0.78691778717773-0.07869177871777297j),(2310.510510510511+0j),(0.6811635641543646-0.06811635641543645j),(2000+0j)
1.155955955955956,(0.9090909090909091-0.09090909090909091j),(2672.4683442200962+0j),(0.7864407847088829-0.07864407847088828j),(2311.911911911912+0j),(0.680338018638876-0.06803380186388759j),(2000+0j)
1.1566566566566567,(0.9090909090909092-0.0909090909090909j),(2675.70924277631+0j),(0.7859643601746588-0.0785964360174659j),(2313.3133133133133+0j),(0.6795139730112367-0.06795139730112369j),(2000+0j)
1.1573573573573575,(0.9090909090909092-0.09090909090909094j),(2678.952105258412+0j),(0.7854885125253572-0.07854885125253573j),(2314.714714714715+0j),(0.6786914236402282-0.06786914236402282j),(2000+0j)
1.158058058058058,(0.9090909090909091-0.0909090909090909j),(2682.196931666401+0j),(0.7850132407138198-0.07850132407138198j),(2316.116116116116+0j),(0.6778703669056151-0.0677870366905615j),(2000+0j)
1.1587587587587587,(0.9090909090909091-0.09090909090909091j),(2685.443722000278+0j),(0.7845385436954201-0.078453854369542j),(2317.5175175175173+0j),(0.6770507991981035-0.06770507991981035j),(2000+0j)
1.1594594594594594,(0.9090909090909092-0.09090909090909093j),(2688.6924762600433+0j),(0.7840644204280568-0.07840644204280567j),(2318.9189189189187+0j),(0.6762327169193031-0.0676232716919303j),(2000+0j)
1.16016016016016,(0.9090909090909091-0.0909090909090909j),(2691.9431944456965+0j),(0.7835908698721468-0.07835908698721468j),(2320.32032032032+0j),(0.6754161164816865-0.06754161164816866j),(2000+0j)
1.1608608608608608,(0.9090909090909092-0.09090909090909091j),(2695.195876557238+0j),(0.7831178909906167-0.07831178909906167j),(2321.7217217217217+0j),(0.6746009943085505-0.06746009943085506j),(2000+0j)
1.1615615615615615,(0.9090909090909092-0.09090909090909093j),(2698.4505225946664+0j),(0.7826454827488953-0.07826454827488953j),(2323.123123123123+0j),(0.6737873468339767-0.06737873468339767j),(2000+0j)
1.1622622622622623,(0.9090909090909091-0.09090909090909093j),(2701.7071325579836+0j),(0.7821736441149066-0.07821736441149066j),(2324.5245245245246+0j),(0.672975170502792-0.06729751705027921j),(2000+0j)
1.162962962962963,(0.9090909090909092-0.09090909090909094j),(2704.965706447188+0j),(0.7817023740590621-0.07817023740590621j),(2325.925925925926+0j),(0.6721644617705309-0.0672164461770531j),(2000+0j)
1.1636636636636637,(0.9090909090909092-0.09090909090909091j),(2708.2262442622805+0j),(0.7812316715542523-0.07812316715542522j),(2327.3273273273276+0j),(0.671355217103396-0.0671355217103396j),(2000+0j)
1.1643643643643644,(0.9090909090909091-0.09090909090909091j),(2711.4887460032605+0j),(0.7807615355758409-0.07807615355758409j),(2328.728728728729+0j),(0.6705474329782195-0.06705474329782195j),(2000+0j)
1.1650650650650651,(0.9090909090909092-0.09090909090909093j),(2714.753211670129+0j),(0.7802919651016564-0.07802919651016565j),(2330.13013013013+0j),(0.6697411058824253-0.06697411058824253j),(2000+0j)
1.1657657657657658,(0.9090909090909088-0.09090909090909088j),(2718.0196412628848+0j),(0.7798229591119854-0.07798229591119854j),(2331.5315315315315+0j),(0.6689362323139904-0.06689362323139902j),(2000+0j)
1.1664664664664666,(0.9090909090909091-0.09090909090909091j),(2721.2880347815285+0j),(0.7793545165895632-0.07793545165895632j),(2332.932932932933+0j),(0.6681328087814071-0.06681328087814072j),(2000+0j)
1.1671671671671673,(0.9090909090909092-0.09090909090909091j),(2724.5583922260607+0j),(0.7788866365195695-0.07788866365195696j),(2334.3343343343345+0j),(0.6673308318036447-0.06673308318036449j),(2000+0j)
1.167867867867868,(0.9090909090909091-0.09090909090909091j),(2727.83071359648+0j),(0.7784193178896187-0.07784193178896187j),(2335.735735735736+0j),(0.666530297910113-0.0666530297910113j),(2000+0j)
1.1685685685685687,(0.9090909090909092-0.09090909090909091j),(2731.1049988927875+0j),(0.7779525596897533-0.07779525596897534j),(2337.1371371371374+0j),(0.6657312036406232-0.06657312036406232j),(2000+0j)
1.1692692692692692,(0.9090909090909091-0.0909090909090909j),(2734.381248114981+0j),(0.7774863609124375-0.07774863609124376j),(2338.5385385385384+0j),(0.6649335455453514-0.06649335455453514j),(2000+0j)
1.16996996996997,(0.9090909090909091-0.0909090909090909j),(2737.6594612630647+0j),(0.777020720552548-0.0777020720552548j),(2339.93993993994+0j),(0.6641373201848011-0.06641373201848011j),(2000+0j)
1.1706706706706707,(0.9090909090909092-0.09090909090909091j),(2740.939638337036+0j),(0.7765556376073691-0.07765556376073691j),(2341.3413413413414+0j),(0.6633425241297664-0.06633425241297665j),(2000+0j)
1.1713713713713714,(0.9090909090909092-0.09090909090909091j),(2744.2217793368945+0j),(0.7760911110765836-0.07760911110765835j),(2342.742742742743+0j),(0.6625491539612947-0.06625491539612946j),(2000+0j)
1.172072072072072,(0.9090909090909091-0.09090909090909091j),(2747.5058842626413+0j),(0.7756271399622667-0.07756271399622668j),(2344.1441441441443+0j),(0.6617572062706503-0.06617572062706505j),(2000+0j)
1.1727727727727728,(0.9090909090909091-0.0909090909090909j),(2750.7919531142757+0j),(0.7751637232688787-0.07751637232688788j),(2345.545545545546+0j),(0.6609666776592776-0.06609666776592776j),(2000+0j)
1.1734734734734735,(0.9090909090909092-0.09090909090909091j),(2754.079985891798+0j),(0.7747008600032571-0.07747008600032569j),(2346.9469469469473+0j),(0.6601775647387644-0.06601775647387645j),(2000+0j)
1.1741741741741742,(0.9090909090909091-0.0909090909090909j),(2757.369982595208+0j),(0.7742385491746105-0.07742385491746107j),(2348.3483483483483+0j),(0.6593898641308064-0.06593898641308064j),(2000+0j)
1.174874874874875,(0.9090909090909091-0.09090909090909095j),(2760.661943224506+0j),(0.7737767897945116-0.07737767897945118j),(2349.7497497497498+0j),(0.6586035724671694-0.06586035724671695j),(2000+0j)
1.1755755755755755,(0.9090909090909091-0.09090909090909091j),(2763.955867779691+0j),(0.7733155808768888-0.07733155808768888j),(2351.1511511511508+0j),(0.657818686389656-0.0657818686389656j),(2000+0j)
1.1762762762762762,(0.9090909090909091-0.09090909090909088j),(2767.251756260765+0j),(0.7728549214380207-0.07728549214380208j),(2352.5525525525522+0j),(0.6570352025500662-0.06570352025500663j),(2000+0j)
1.176976976976977,(0.9090909090909092-0.09090909090909094j),(2770.5496086677263+0j),(0.7723948104965285-0.07723948104965285j),(2353.9539539539537+0j),(0.656253117610165-0.06562531176101649j),(2000+0j)
1.1776776776776776,(0.9090909090909091-0.09090909090909091j),(2773.849425000576+0j),(0.7719352470733687-0.07719352470733687j),(2355.355355355355+0j),(0.655472428241645-0.06554724282416449j),(2000+0j)
1.1783783783783783,(0.9090909090909091-0.09090909090909091j),(2777.151205259313+0j),(0.7714762301918267-0.07714762301918268j),(2356.7567567567567+0j),(0.6546931311260913-0.06546931311260913j),(2000+0j)
1.179079079079079,(0.9090909090909092-0.09090909090909094j),(2780.4549494439384+0j),(0.7710177588775095-0.07710177588775094j),(2358.158158158158+0j),(0.6539152229549468-0.06539152229549468j),(2000+0j)
1.1797797797797798,(0.9090909090909092-0.09090909090909095j),(2783.7606575544514+0j),(0.7705598321583389-0.07705598321583387j),(2359.5595595595596+0j),(0.6531387004294761-0.06531387004294763j),(2000+0j)
1.1804804804804805,(0.9090909090909092-0.09090909090909093j),(2787.068329590852+0j),(0.7701024490645452-0.0770102449064545j),(2360.960960960961+0j),(0.6523635602607315-0.06523635602607314j),(2000+0j)
1.1811811811811812,(0.9090909090909091-0.09090909090909091j),(2790.3779655531407+0j),(0.7696456086286596-0.07696456086286596j),(2362.3623623623625+0j),(0.6515897991695175-0.06515897991695176j),(2000+0j)
1.181881881881882,(0.9090909090909092-0.09090909090909093j),(2793.6895654413174+0j),(0.7691893098855073-0.07691893098855072j),(2363.763763763764+0j),(0.6508174138863567-0.06508174138863566j),(2000+0j)
1.1825825825825826,(0.9090909090909092-0.09090909090909093j),(2797.0031292553817+0j),(0.7687335518722012-0.0768733551872201j),(2365.1651651651655+0j),(0.6500464011514547-0.06500464011514547j),(2000+0j)
1.1832832832832834,(0.9090909090909092-0.09090909090909091j),(2800.318656995334+0j),(0.7682783336281347-0.07682783336281347j),(2366.5665665665665+0j),(0.6492767577146659-0.06492767577146659j),(2000+0j)
1.183983983983984,(0.9090909090909088-0.09090909090909087j),(2803.636148661174+0j),(0.7678236541949764-0.07678236541949766j),(2367.967967967968+0j),(0.6485084803354593-0.06485084803354595j),(2000+0j)
1.1846846846846848,(0.9090909090909088-0.09090909090909088j),(2806.955604252902+0j),(0.7673695126166609-0.07673695126166608j),(2369.3693693693695+0j),(0.6477415657828846-0.06477415657828846j),(2000+0j)
1.1853853853853855,(0.9090909090909091-0.0909090909090909j),(2810.2770237705176+0j),(0.7669159079393836-0.07669159079393835j),(2370.770770770771+0j),(0.646976010835538-0.0646976010835538j),(2000+0j)
1.1860860860860862,(0.9090909090909092-0.09090909090909094j),(2813.6004072140217+0j),(0.7664628392115943-0.07664628392115941j),(2372.1721721721724+0j),(0.6462118122815279-0.06462118122815279j),(2000+0j)
1.1867867867867867,(0.9090909090909091-0.0909090909090909j),(2816.925754583412+0j),(0.7660103054839896-0.07660103054839895j),(2373.5735735735734+0j),(0.6454489669184427-0.06454489669184427j),(2000+0j)
1.1874874874874874,(0.9090909090909091-0.0909090909090909j),(2820.2530658786914+0j),(0.765558305809507-0.07655583058095067j),(2374.974974974975+0j),(0.644687471553315-0.0644687471553315j),(2000+0j)
1.1881881881881882,(0.9090909090909091-0.09090909090909091j),(2823.5823410998587+0j),(0.7651068392433178-0.07651068392433176j),(2376.3763763763764+0j),(0.64392732300259-0.064392732300259j),(2000+0j)
1.1888888888888889,(0.9090909090909092-0.0909090909090909j),(2826.9135802469136+0j),(0.7646559048428208-0.07646559048428207j),(2377.777777777778+0j),(0.6431685180920922-0.06431685180920922j),(2000+0j)
1.1895895895895896,(0.9090909090909088-0.09090909090909087j),(2830.246783319856+0j),(0.7642055016676356-0.07642055016676357j),(2379.1791791791793+0j),(0.6424110536569909-0.06424110536569909j),(2000+0j)
1.1902902902902903,(0.9090909090909092-0.09090909090909091j),(2833.581950318687+0j),(0.7637556287795966-0.07637556287795964j),(2380.5805805805808+0j),(0.6416549265417685-0.06416549265417686j),(2000+0j)
1.190990990990991,(0.9090909090909092-0.09090909090909093j),(2836.919081243406+0j),(0.7633062852427454-0.07633062852427452j),(2381.9819819819822+0j),(0.6409001336001868-0.0640900133600187j),(2000+0j)
1.1916916916916918,(0.9090909090909091-0.09090909090909091j),(2840.258176094012+0j),(0.7628574701233248-0.07628574701233248j),(2383.3833833833837+0j),(0.6401466716952552-0.06401466716952552j),(2000+0j)
1.1923923923923925,(0.9090909090909091-0.09090909090909091j),(2843.5992348705063+0j),(0.7624091824897735-0.07624091824897736j),(2384.7847847847847+0j),(0.6393945376991972-0.06393945376991972j),(2000+0j)
1.193093093093093,(0.9090909090909088-0.09090909090909088j),(2846.9422575728877+0j),(0.7619614214127177-0.07619614214127178j),(2386.1861861861858+0j),(0.6386437284934181-0.06386437284934181j),(2000+0j)
1.1937937937937937,(0.9090909090909091-0.09090909090909091j),(2850.2872442011576+0j),(0.7615141859649659-0.0761514185964966j),(2387.587587587587+0j),(0.6378942409684729-0.06378942409684729j),(2000+0j)
1.1944944944944944,(0.9090909090909091-0.0909090909090909j),(2853.6341947553155+0j),(0.7610674752215019-0.07610674752215019j),(2388.9889889889887+0j),(0.6371460720240345-0.06371460720240345j),(2000+0j)
1.1951951951951951,(0.9090909090909091-0.0909090909090909j),(2856.983109235361+0j),(0.7606212882594794-0.07606212882594796j),(2390.39039039039+0j),(0.6363992185688607-0.06363992185688608j),(2000+0j)
1.1958958958958958,(0.9090909090909091-0.0909090909090909j),(2860.3339876412947+0j),(0.7601756241582139-0.0760175624158214j),(2391.7917917917916+0j),(0.6356536775207632-0.06356536775207632j),(2000+0j)
1.1965965965965966,(0.9090909090909092-0.09090909090909094j),(2863.686829973116+0j),(0.7597304819991788-0.07597304819991788j),(2393.193193193193+0j),(0.6349094458065747-0.06349094458065746j),(2000+0j)
1.1972972972972973,(0.9090909090909092-0.09090909090909094j),(2867.041636230825+0j),(0.7592858608659965-0.07592858608659964j),(2394.5945945945946+0j),(0.6341665203621187-0.06341665203621187j),(2000+0j)
1.197997997997998,(0.9090909090909092-0.09090909090909093j),(2870.3984064144224+0j),(0.7588417598444337-0.07588417598444336j),(2395.995995995996+0j),(0.6334248981321767-0.06334248981321766j),(2000+0j)
1.1986986986986987,(0.9090909090909091-0.09090909090909093j),(2873.7571405239073+0j),(0.7583981780223951-0.07583981780223949j),(2397.3973973973975+0j),(0.6326845760704574-0.06326845760704575j),(2000+0j)
1.1993993993993994,(0.9090909090909091-0.09090909090909093j),(2877.1178385592802+0j),(0.7579551144899167-0.07579551144899166j),(2398.798798798799+0j),(0.6319455511395649-0.06319455511395648j),(2000+0j)
1.2001001001001002,(0.9090909090909091-0.09090909090909091j),(2880.4805005205408+0j),(0.7575125683391595-0.07575125683391593j),(2400.2002002002005+0j),(0.6312078203109684-0.06312078203109685j),(2000+0j)
1.2008008008008009,(0.9090909090909091-0.0909090909090909j),(2883.8451264076893+0j),(0.7570705386644033-0.0757070538664403j),(2401.601601601602+0j),(0.6304713805649707-0.06304713805649707j),(2000+0j)
1.2015015015015016,(0.9090909090909091-0.09090909090909093j),(2887.2117162207255+0j),(0.7566290245620412-0.0756629024562041j),(2403.003003003003+0j),(0.6297362288906766-0.06297362288906767j),(2000+0j)
1.2022022022022023,(0.9090909090909091-0.09090909090909088j),(2890.5802699596497+0j),(0.756188025130573-0.07561880251305732j),(2404.4044044044044+0j),(0.6290023622859636-0.06290023622859638j),(2000+0j)
1.202902902902903,(0.9090909090909092-0.09090909090909093j),(2893.950787624462+0j),(0.7557475394705985-0.07557475394705986j),(2405.805805805806+0j),(0.62826977775745-0.06282697777574499j),(2000+0j)
1.2036036036036037,(0.9090909090909091-0.0909090909090909j),(2897.323269215162+0j),(0.755307566684812-0.07553075666848119j),(2407.2072072072074+0j),(0.627538472320465-0.06275384723204651j),(2000+0j)
1.2043043043043042,(0.9090909090909091-0.09090909090909094j),(2900.6977147317484+0j),(0.7548681058779971-0.07548681058779971j),(2408.6086086086084+0j),(0.6268084429990184-0.06268084429990185j),(2000+0j)
1.205005005005005,(0.9090909090909091-0.09090909090909091j),(2904.074124174224+0j),(0.7544291561570181-0.0754429156157018j),(2410.01001001001+0j),(0.6260796868257692-0.06260796868257693j),(2000+0j)
1.2057057057057057,(0.9090909090909091-0.0909090909090909j),(2907.4524975425875+0j),(0.7539907166308162-0.0753990716630816j),(2411.4114114114113+0j),(0.625352200841997-0.0625352200841997j),(2000+0j)
1.2064064064064064,(0.9090909090909088-0.09090909090909087j),(2910.8328348368386+0j),(0.7535527864104035-0.07535527864104034j),(2412.812812812813+0j),(0.6246259820975714-0.062462598209757136j),(2000+0j)
1.2071071071071071,(0.9090909090909092-0.09090909090909094j),(2914.2151360569783+0j),(0.7531153646088549-0.07531153646088547j),(2414.2142142142143+0j),(0.6239010276509214-0.06239010276509214j),(2000+0j)
1.2078078078078078,(0.9090909090909091-0.09090909090909091j),(2917.599401203005+0j),(0.7526784503413047-0.07526784503413046j),(2415.6156156156158+0j),(0.6231773345690064-0.06231773345690065j),(2000+0j)
1.2085085085085085,(0.9090909090909092-0.09090909090909091j),(2920.98563027492+0j),(0.7522420427249386-0.07522420427249385j),(2417.017017017017+0j),(0.6224548999272869-0.06224548999272869j),(2000+0j)
1.2092092092092093,(0.9090909090909088-0.09090909090909088j),(2924.3738232727223+0j),(0.7518061408789888-0.07518061408789886j),(2418.4184184184187+0j),(0.6217337208096932-0.06217337208096934j),(2000+0j)
1.20990990990991,(0.9090909090909091-0.09090909090909091j),(2927.763980196413+0j),(0.7513707439247275-0.07513707439247275j),(2419.81981981982+0j),(0.6210137943085983-0.06210137943085983j),(2000+0j)
1.2106106106106107,(0.9090909090909092-0.09090909090909091j),(2931.1561010459914+0j),(0.7509358509854624-0.07509358509854624j),(2421.221221221221+0j),(0.6202951175247865-0.06202951175247865j),(2000+0j)
1.2113113113113112,(0.9090909090909091-0.09090909090909091j),(2934.5501858214566+0j),(0.7505014611865287-0.07505014611865289j),(2422.622622622622+0j),(0.6195776875674259-0.061957768756742596j),(2000+0j)
1.212012012012012,(0.9090909090909092-0.09090909090909093j),(2937.9462345228108+0j),(0.7500675736552843-0.07500675736552842j),(2424.0240240240237+0j),(0.6188615015540379-0.06188615015540378j),(2000+0j)
1.2127127127127126,(0.9090909090909091-0.0909090909090909j),(2941.3442471500525+0j),(0.7496341875211046-0.07496341875211045j),(2425.425425425425+0j),(0.6181465566104692-0.06181465566104693j),(2000+0j)
1.2134134134134134,(0.9090909090909091-0.09090909090909088j),(2944.7442237031823+0j),(0.7492013019153757-0.07492013019153755j),(2426.8268268268266+0j),(0.617432849870863-0.061743284987086304j),(2000+0j)
1.214114114114114,(0.9090909090909092-0.0909090909090909j),(2948.1461641822+0j),(0.7487689159714884-0.07487689159714883j),(2428.228228228228+0j),(0.6167203784776295-0.06167203784776296j),(2000+0j)
1.2148148148148148,(0.9090909090909092-0.0909090909090909j),(2951.5500685871057+0j),(0.7483370288248336-0.07483370288248335j),(2429.6296296296296+0j),(0.616009139581418-0.061600913958141795j),(2000+0j)
1.2155155155155155,(0.9090909090909091-0.09090909090909094j),(2954.9559369178987+0j),(0.7479056396127959-0.0747905639612796j),(2431.031031031031+0j),(0.615299130341088-0.0615299130341088j),(2000+0j)
1.2162162162162162,(0.9090909090909092-0.09090909090909093j),(2958.36376917458+0j),(0.7474747474747474-0.07474747474747476j),(2432.4324324324325+0j),(0.6145903479236813-0.061459034792368125j),(2000+0j)
1.216916916916917,(0.9090909090909091-0.09090909090909091j),(2961.773565357149+0j),(0.7470443515520424-0.07470443515520424j),(2433.833833833834+0j),(0.6138827895043929-0.061388278950439294j),(2000+0j)
1.2176176176176177,(0.9090909090909092-0.09090909090909093j),(2965.185325465606+0j),(0.7466144509880124-0.07466144509880125j),(2435.2352352352355+0j),(0.613176452266544-0.061317645226654414j),(2000+0j)
1.2183183183183184,(0.9090909090909091-0.09090909090909088j),(2968.5990494999505+0j),(0.7461850449279583-0.07461850449279583j),(2436.636636636637+0j),(0.6124713334015531-0.06124713334015532j),(2000+0j)
1.219019019019019,(0.9090909090909092-0.0909090909090909j),(2972.0147374601834+0j),(0.7457561325191477-0.07457561325191478j),(2438.0380380380384+0j),(0.6117674301089082-0.061176743010890815j),(2000+0j)
1.2197197197197198,(0.9090909090909091-0.0909090909090909j),(2975.432389346304+0j),(0.7453277129108068-0.0745327712910807j),(2439.4394394394394+0j),(0.6110647395961395-0.06110647395961395j),(2000+0j)
1.2204204204204205,(0.9090909090909091-0.0909090909090909j),(2978.852005158312+0j),(0.7448997852541159-0.0744899785254116j),(2440.840840840841+0j),(0.6103632590787907-0.061036325907879066j),(2000+0j)
1.2211211211211213,(0.9090909090909091-0.09090909090909091j),(2982.273584896208+0j),(0.7444723487022035-0.07444723487022034j),(2442.2422422422424+0j),(0.6096629857803929-0.06096629857803929j),(2000+0j)
1.221821821821822,(0.9090909090909091-0.09090909090909091j),(2985.697128559992+0j),(0.7440454024101409-0.0744045402410141j),(2443.643643643644+0j),(0.6089639169324355-0.06089639169324354j),(2000+0j)
1.2225225225225225,(0.9090909090909092-0.09090909090909093j),(2989.122636149663+0j),(0.7436189455349367-0.07436189455349367j),(2445.045045045045+0j),(0.6082660497743403-0.06082660497743403j),(2000+0j)
1.2232232232232232,(0.9090909090909091-0.0909090909090909j),(2992.5501076652226+0j),(0.7431929772355303-0.07431929772355304j),(2446.4464464464463+0j),(0.6075693815534328-0.06075693815534327j),(2000+0j)
1.223923923923924,(0.9090909090909091-0.09090909090909088j),(2995.97954310667+0j),(0.7427674966727882-0.07427674966727882j),(2447.847847847848+0j),(0.6068739095249165-0.06068739095249164j),(2000+0j)
1.2246246246246246,(0.9090909090909091-0.09090909090909091j),(2999.4109424740054+0j),(0.7423425030094966-0.07423425030094967j),(2449.2492492492493+0j),(0.6061796309518449-0.060617963095184496j),(2000+0j)
1.2253253253253253,(0.9090909090909091-0.09090909090909093j),(3002.844305767229+0j),(0.741917995410357-0.07419179954103569j),(2450.6506506506507+0j),(0.6054865431050949-0.0605486543105095j),(2000+0j)
1.226026026026026,(0.9090909090909092-0.09090909090909093j),(3006.27963298634+0j),(0.7414939730419807-0.07414939730419808j),(2452.052052052052+0j),(0.60479464326334-0.060479464326334j),(2000+0j)
1.2267267267267268,(0.9090909090909091-0.09090909090909088j),(3009.7169241313386+0j),(0.7410704350728831-0.07410704350728829j),(2453.4534534534537+0j),(0.6041039287130233-0.06041039287130233j),(2000+0j)
1.2274274274274275,(0.9090909090909091-0.09090909090909091j),(3013.1561792022253+0j),(0.7406473806734775-0.07406473806734774j),(2454.854854854855+0j),(0.6034143967483314-0.06034143967483314j),(2000+0j)
1.2281281281281282,(0.9090909090909091-0.09090909090909088j),(3016.5973981990005+0j),(0.7402248090160715-0.07402248090160715j),(2456.2562562562566+0j),(0.6027260446711674-0.060272604467116755j),(2000+0j)
1.2288288288288287,(0.9090909090909092-0.09090909090909091j),(3020.040581121662+0j),(0.7398027192748602-0.07398027192748602j),(2457.6576576576576+0j),(0.6020388697911252-0.060203886979112525j),(2000+0j)
1.2295295295295294,(0.9090909090909088-0.09090909090909088j),(3023.485727970212+0j),(0.7393811106259205-0.07393811106259206j),(2459.0590590590587+0j),(0.6013528694254617-0.06013528694254617j),(2000+0j)
1.2302302302302301,(0.9090909090909092-0.0909090909090909j),(3026.9328387446503+0j),(0.7389599822472076-0.07389599822472077j),(2460.46046046046+0j),(0.6006680408990728-0.06006680408990728j),(2000+0j)
1.2309309309309309,(0.9090909090909092-0.09090909090909094j),(3030.3819134449764+0j),(0.7385393333185477-0.07385393333185478j),(2461.8618618618616+0j),(0.5999843815444654-0.05999843815444655j),(2000+0j)
1.2316316316316316,(0.9090909090909091-0.09090909090909094j),(3033.83295207119+0j),(0.7381191630216337-0.07381191630216337j),(2463.263263263263+0j),(0.5993018887017328-0.0599301888701733j),(2000+0j)
1.2323323323323323,(0.9090909090909091-0.09090909090909093j),(3037.2859546232917+0j),(0.7376994705400196-0.07376994705400196j),(2464.6646646646645+0j),(0.5986205597185278-0.05986205597185278j),(2000+0j)
1.233033033033033,(0.9090909090909092-0.09090909090909094j),(3040.7409211012814+0j),(0.7372802550591151-0.07372802550591151j),(2466.066066066066+0j),(0.5979403919500375-0.05979403919500375j),(2000+0j)
1.2337337337337337,(0.9090909090909091-0.09090909090909093j),(3044.1978515051587+0j),(0.736861515766181-0.07368615157661808j),(2467.4674674674675+0j),(0.5972613827589572-0.05972613827589573j),(2000+0j)
1.2344344344344345,(0.9090909090909092-0.0909090909090909j),(3047.656745834924+0j),(0.7364432518503229-0.07364432518503228j),(2468.868868868869+0j),(0.5965835295154659-0.0596583529515466j),(2000+0j)
1.2351351351351352,(0.9090909090909091-0.0909090909090909j),(3051.117604090577+0j),(0.7360254625024865-0.07360254625024863j),(2470.2702702702704+0j),(0.5959068295971991-0.059590682959719914j),(2000+0j)
1.235835835835836,(0.9090909090909092-0.09090909090909093j),(3054.580426272118+0j),(0.735608146915453-0.0735608146915453j),(2471.671671671672+0j),(0.5952312803892251-0.059523128038922506j),(2000+0j)
1.2365365365365366,(0.9090909090909091-0.09090909090909087j),(3058.045212379547+0j),(0.7351913042838323-0.07351913042838323j),(2473.0730730730734+0j),(0.5945568792840188-0.05945568792840189j),(2000+0j)
1.2372372372372373,(0.9090909090909091-0.09090909090909091j),(3061.511962412864+0j),(0.73477493380406-0.073477493380406j),(2474.474474474475+0j),(0.5938836236814367-0.05938836236814366j),(2000+0j)
1.237937937937938,(0.9090909090909091-0.09090909090909091j),(3064.9806763720685+0j),(0.7343590346743901-0.07343590346743901j),(2475.8758758758763+0j),(0.593211510988692-0.05932115109886921j),(2000+0j)
1.2386386386386388,(0.9090909090909088-0.09090909090909088j),(3068.4513542571603+0j),(0.733943606094891-0.0733943606094891j),(2477.2772772772773+0j),(0.5925405386203297-0.05925405386203299j),(2000+0j)
1.2393393393393395,(0.9090909090909091-0.09090909090909093j),(3071.9239960681407+0j),(0.7335286472674405-0.07335286472674406j),(2478.678678678679+0j),(0.5918707039982013-0.059187070399820144j),(2000+0j)
1.24004004004004,(0.9090909090909092-0.09090909090909094j),(3075.3986018050077+0j),(0.7331141573957201-0.073311415739572j),(2480.08008008008+0j),(0.5912020045514405-0.05912020045514406j),(2000+0j)
1.2407407407407407,(0.9090909090909092-0.09090909090909091j),(3078.875171467764+0j),(0.7327001356852103-0.07327001356852103j),(2481.4814814814813+0j),(0.5905344377164381-0.059053443771643815j),(2000+0j)
1.2414414414414414,(0.9090909090909091-0.09090909090909091j),(3082.3537050564078+0j),(0.7322865813431851-0.07322865813431852j),(2482.8828828828828+0j),(0.5898680009368181-0.058986800093681825j),(2000+0j)
1.2421421421421421,(0.9090909090909092-0.09090909090909093j),(3085.8342025709394+0j),(0.7318734935787075-0.07318734935787073j),(2484.2842842842842+0j),(0.5892026916634127-0.05892026916634127j),(2000+0j)
1.2428428428428429,(0.9090909090909092-0.09090909090909094j),(3089.316664011359+0j),(0.7314608716026241-0.0731460871602624j),(2485.6856856856857+0j),(0.5885385073542376-0.05885385073542376j),(2000+0j)
1.2435435435435436,(0.9090909090909092-0.09090909090909091j),(3092.8010893776664+0j),(0.7310487146275602-0.073104871462756j),(2487.087087087087+0j),(0.5878754454744688-0.058787544547446884j),(2000+0j)
1.2442442442442443,(0.9090909090909091-0.09090909090909093j),(3096.2874786698612+0j),(0.7306370218679148-0.07306370218679148j),(2488.4884884884887+0j),(0.5872135034964173-0.058721350349641724j),(2000+0j)
1.244944944944945,(0.9090909090909091-0.0909090909090909j),(3099.7758318879446+0j),(0.7302257925398553-0.07302257925398555j),(2489.88988988989+0j),(0.5865526788995059-0.058655267889950596j),(2000+0j)
1.2456456456456457,(0.9090909090909091-0.09090909090909093j),(3103.266149031915+0j),(0.7298150258613132-0.07298150258613133j),(2491.2912912912916+0j),(0.585892969170244-0.058589296917024414j),(2000+0j)
1.2463463463463462,(0.9090909090909091-0.0909090909090909j),(3106.758430101773+0j),(0.7294047210519784-0.07294047210519783j),(2492.6926926926926+0j),(0.5852343718022057-0.05852343718022057j),(2000+0j)
1.247047047047047,(0.9090909090909091-0.09090909090909091j),(3110.2526750975194+0j),(0.7289948773332947-0.07289948773332947j),(2494.094094094094+0j),(0.5845768842960036-0.05845768842960038j),(2000+0j)
1.2477477477477477,(0.9090909090909091-0.0909090909090909j),(3113.748884019154+0j),(0.7285854939284542-0.07285854939284543j),(2495.495495495495+0j),(0.5839205041592666-0.05839205041592665j),(2000+0j)
1.2484484484484484,(0.9090909090909092-0.09090909090909093j),(3117.2470568666763+0j),(0.7281765700623943-0.07281765700623943j),(2496.8968968968966+0j),(0.5832652289066164-0.05832652289066164j),(2000+0j)
1.249149149149149,(0.9090909090909088-0.09090909090909087j),(3120.747193640086+0j),(0.7277681049617902-0.07277681049617904j),(2498.298298298298+0j),(0.582611056059643-0.058261105605964314j),(2000+0j)
1.2498498498498498,(0.9090909090909091-0.09090909090909093j),(3124.249294339384+0j),(0.7273600978550522-0.07273600978550522j),(2499.6996996996995+0j),(0.5819579831468822-0.05819579831468823j),(2000+0j)
1.2505505505505505,(0.9090909090909091-0.0909090909090909j),(3127.7533589645705+0j),(0.7269525479723189-0.07269525479723188j),(2501.101101101101+0j),(0.5813060077037915-0.058130600770379154j),(2000+0j)
1.2512512512512513,(0.9090909090909091-0.0909090909090909j),(3131.2593875156435+0j),(0.7265454545454545-0.07265454545454546j),(2502.5025025025025+0j),(0.5806551272727273-0.05806551272727273j),(2000+0j)
1.251951951951952,(0.9090909090909091-0.09090909090909088j),(3134.7673799926056+0j),(0.7261388168080419-0.0726138816808042j),(2503.903903903904+0j),(0.5800053394029215-0.058000533940292164j),(2000+0j)
1.2526526526526527,(0.9090909090909091-0.09090909090909088j),(3138.2773363954548+0j),(0.7257326339953797-0.07257326339953797j),(2505.3053053053054+0j),(0.5793566416504589-0.057935664165045885j),(2000+0j)
1.2533533533533534,(0.9090909090909091-0.09090909090909091j),(3141.789256724192+0j),(0.7253269053444757-0.07253269053444758j),(2506.706706706707+0j),(0.5787090315782535-0.05787090315782535j),(2000+0j)
1.2540540540540541,(0.9090909090909091-0.0909090909090909j),(3145.303140978817+0j),(0.724921630094044-0.07249216300940439j),(2508.1081081081084+0j),(0.5780625067560263-0.05780625067560263j),(2000+0j)
1.2547547547547548,(0.9090909090909091-0.09090909090909091j),(3148.8189891593297+0j),(0.7245168074844979-0.07245168074844979j),(2509.50950950951+0j),(0.5774170647602819-0.05774170647602819j),(2000+0j)
1.2554554554554556,(0.9090909090909092-0.09090909090909093j),(3152.3368012657306+0j),(0.7241124367579479-0.07241124367579477j),(2510.9109109109113+0j),(0.5767727031742862-0.05767727031742862j),(2000+0j)
1.2561561561561563,(0.9090909090909092-0.09090909090909094j),(3155.856577298019+0j),(0.7237085171581946-0.07237085171581946j),(2512.3123123123128+0j),(0.5761294195880438-0.057612941958804384j),(2000+0j)
1.256856856856857,(0.9090909090909091-0.0909090909090909j),(3159.3783172561957+0j),(0.7233050479307248-0.0723305047930725j),(2513.713713713714+0j),(0.5754872115982749-0.057548721159827496j),(2000+0j)
1.2575575575575575,(0.9090909090909091-0.0909090909090909j),(3162.9020211402594+0j),(0.722902028322708-0.07229020283227079j),(2515.115115115115+0j),(0.5748460768083941-0.057484607680839406j),(2000+0j)
1.2582582582582582,(0.9090909090909091-0.09090909090909088j),(3166.427688950211+0j),(0.7224994575829897-0.07224994575829898j),(2516.5165165165163+0j),(0.5742060128284859-0.05742060128284859j),(2000+0j)
1.258958958958959,(0.9090909090909092-0.09090909090909094j),(3169.9553206860514+0j),(0.7220973349620882-0.0722097334962088j),(2517.9179179179177+0j),(0.573567017275285-0.057356701727528506j),(2000+0j)
1.2596596596596596,(0.9090909090909091-0.09090909090909091j),(3173.4849163477793+0j),(0.7216956597121886-0.07216956597121887j),(2519.319319319319+0j),(0.5729290877721522-0.057292908777215226j),(2000+0j)
1.2603603603603604,(0.9090909090909091-0.0909090909090909j),(3177.0164759353947+0j),(0.7212944310871402-0.07212944310871403j),(2520.7207207207207+0j),(0.5722922219490533-0.05722922219490533j),(2000+0j)
1.261061061061061,(0.9090909090909092-0.09090909090909094j),(3180.5499994488982+0j),(0.7208936483424498-0.07208936483424498j),(2522.122122122122+0j),(0.5716564174425363-0.05716564174425362j),(2000+0j)
1.2617617617617618,(0.9090909090909091-0.09090909090909091j),(3184.08548688829+0j),(0.7204933107352782-0.07204933107352783j),(2523.5235235235236+0j),(0.5710216718957103-0.057102167189571035j),(2000+0j)
1.2624624624624625,(0.9090909090909092-0.09090909090909093j),(3187.6229382535694+0j),(0.7200934175244356-0.07200934175244356j),(2524.924924924925+0j),(0.5703879829582232-0.05703879829582233j),(2000+0j)
1.2631631631631632,(0.9090909090909092-0.09090909090909093j),(3191.1623535447366+0j),(0.7196939679703765-0.07196939679703764j),(2526.3263263263266+0j),(0.5697553482862399-0.05697553482862398j),(2000+0j)
1.263863863863864,(0.9090909090909091-0.09090909090909091j),(3194.7037327617913+0j),(0.7192949613351958-0.07192949613351957j),(2527.727727727728+0j),(0.5691237655424207-0.05691237655424208j),(2000+0j)
1.2645645645645645,(0.9090909090909091-0.09090909090909091j),(3198.247075904733+0j),(0.7188963968826234-0.07188963968826234j),(2529.129129129129+0j),(0.5684932323959003-0.056849323239590036j),(2000+0j)
1.2652652652652652,(0.9090909090909092-0.09090909090909094j),(3201.7923829735637+0j),(0.7184982738780209-0.07184982738780209j),(2530.5305305305305+0j),(0.5678637465222648-0.05678637465222648j),(2000+0j)
1.265965965965966,(0.9090909090909092-0.09090909090909091j),(3205.339653968282+0j),(0.7181005915883752-0.07181005915883752j),(2531.9319319319316+0j),(0.567235305603532-0.056723530560353196j),(2000+0j)
1.2666666666666666,(0.9090909090909091-0.09090909090909091j),(3208.8888888888887+0j),(0.7177033492822966-0.07177033492822966j),(2533.333333333333+0j),(0.5666079073281289-0.056660790732812896j),(2000+0j)
1.2673673673673673,(0.9090909090909091-0.09090909090909088j),(3212.440087735383+0j),(0.7173065462300119-0.0717306546230012j),(2534.7347347347345+0j),(0.5659815493908712-0.05659815493908713j),(2000+0j)
1.268068068068068,(0.9090909090909091-0.09090909090909091j),(3215.993250507765+0j),(0.7169101817033614-0.07169101817033614j),(2536.136136136136+0j),(0.5653562294929413-0.05653562294929413j),(2000+0j)
1.2687687687687688,(0.9090909090909092-0.09090909090909095j),(3219.5483772060347+0j),(0.7165142549757934-0.07165142549757934j),(2537.5375375375374+0j),(0.5647319453418679-0.056473194534186796j),(2000+0j)
1.2694694694694695,(0.9090909090909091-0.09090909090909093j),(3223.1054678301925+0j),(0.7161187653223609-0.0716118765322361j),(2538.938938938939+0j),(0.5641086946515049-0.0564108694651505j),(2000+0j)
1.2701701701701702,(0.9090909090909091-0.09090909090909091j),(3226.664522380238+0j),(0.7157237120197165-0.07157237120197164j),(2540.3403403403404+0j),(0.5634864751420101-0.05634864751420102j),(2000+0j)
1.270870870870871,(0.9090909090909091-0.09090909090909091j),(3230.225540856172+0j),(0.7153290943461076-0.07153290943461076j),(2541.741741741742+0j),(0.5628652845398245-0.05628652845398245j),(2000+0j)
1.2715715715715716,(0.9090909090909092-0.09090909090909093j),(3233.788523257993+0j),(0.714934911581373-0.07149349115813729j),(2543.1431431431433+0j),(0.5622451205776522-0.05622451205776522j),(2000+0j)
1.2722722722722724,(0.9090909090909091-0.0909090909090909j),(3237.353469585702+0j),(0.714541163006938-0.0714541163006938j),(2544.544544544545+0j),(0.5616259809944382-0.05616259809944382j),(2000+0j)
1.272972972972973,(0.9090909090909092-0.09090909090909094j),(3240.920379839299+0j),(0.7141478479058097-0.07141478479058094j),(2545.9459459459463+0j),(0.5610078635353494-0.05610078635353495j),(2000+0j)
1.2736736736736738,(0.9090909090909091-0.09090909090909091j),(3244.489254018784+0j),(0.7137549655625732-0.07137549655625733j),(2547.3473473473477+0j),(0.560390765951753-0.0560390765951753j),(2000+0j)
1.2743743743743745,(0.9090909090909092-0.09090909090909094j),(3248.060092124157+0j),(0.7133625152633872-0.07133625152633871j),(2548.748748748749+0j),(0.5597746860011967-0.05597746860011967j),(2000+0j)
1.275075075075075,(0.9090909090909088-0.09090909090909087j),(3251.632894155416+0j),(0.7129704962959792-0.07129704962959792j),(2550.15015015015+0j),(0.5591596214473883-0.05591596214473883j),(2000+0j)
1.2757757757757757,(0.9090909090909091-0.0909090909090909j),(3255.2076601125646+0j),(0.7125789079496416-0.07125789079496415j),(2551.5515515515513+0j),(0.5585455700601741-0.055854557006017415j),(2000+0j)
1.2764764764764764,(0.9090909090909091-0.09090909090909091j),(3258.784389995601+0j),(0.7121877495152275-0.07121877495152275j),(2552.9529529529527+0j),(0.5579325296155209-0.055793252961552096j),(2000+0j)
1.2771771771771772,(0.9090909090909092-0.09090909090909091j),(3262.363083804525+0j),(0.7117970202851464-0.07117970202851463j),(2554.354354354354+0j),(0.5573204978954943-0.055732049789549445j),(2000+0j)
1.2778778778778779,(0.9090909090909092-0.09090909090909093j),(3265.943741539337+0j),(0.7114067195533591-0.07114067195533591j),(2555.7557557557557+0j),(0.5567094726882388-0.05567094726882387j),(2000+0j)
1.2785785785785786,(0.9090909090909091-0.09090909090909091j),(3269.526363200037+0j),(0.7110168466153746-0.07110168466153746j),(2557.157157157157+0j),(0.5560994517879585-0.05560994517879585j),(2000+0j)
1.2792792792792793,(0.9090909090909092-0.09090909090909093j),(3273.1109487866247+0j),(0.7106274007682458-0.07106274007682456j),(2558.5585585585586+0j),(0.5554904329948963-0.055549043299489634j),(2000+0j)
1.27997997997998,(0.9090909090909091-0.09090909090909091j),(3276.6974982991+0j),(0.710238381310564-0.0710238381310564j),(2559.95995995996+0j),(0.554882414115315-0.05548824141153151j),(2000+0j)
1.2806806806806807,(0.9090909090909092-0.0909090909090909j),(3280.286011737464+0j),(0.7098497875424559-0.07098497875424557j),(2561.3613613613616+0j),(0.5542753929614768-0.05542753929614768j),(2000+0j)
1.2813813813813815,(0.9090909090909092-0.09090909090909093j),(3283.876489101715+0j),(0.7094616187655794-0.07094616187655794j),(2562.762762762763+0j),(0.5536693673516238-0.05536693673516238j),(2000+0j)
1.282082082082082,(0.9090909090909092-0.09090909090909093j),(3287.4689303918526+0j),(0.7090738742831186-0.07090738742831186j),(2564.164164164164+0j),(0.553064335109959-0.0553064335109959j),(2000+0j)
1.2827827827827827,(0.9090909090909091-0.0909090909090909j),(3291.0633356078797+0j),(0.7086865533997802-0.070868655339978j),(2565.5655655655655+0j),(0.5524602940666253-0.055246029406662546j),(2000+0j)
1.2834834834834834,(0.9090909090909091-0.0909090909090909j),(3294.6597047497944+0j),(0.7082996554217895-0.07082996554217895j),(2566.966966966967+0j),(0.5518572420576879-0.05518572420576879j),(2000+0j)
1.2841841841841841,(0.9090909090909091-0.09090909090909091j),(3298.258037817597+0j),(0.7079131796568854-0.07079131796568854j),(2568.3683683683685+0j),(0.5512551769251137-0.055125517692511374j),(2000+0j)
1.2848848848848848,(0.9090909090909092-0.09090909090909094j),(3301.8583348112875+0j),(0.7075271254143177-0.07075271254143177j),(2569.7697697697695+0j),(0.5506540965167525-0.05506540965167525j),(2000+0j)
1.2855855855855856,(0.9090909090909091-0.09090909090909091j),(3305.460595730866+0j),(0.7071414920048417-0.07071414920048417j),(2571.171171171171+0j),(0.5500539986863169-0.0550053998686317j),(2000+0j)
1.2862862862862863,(0.9090909090909092-0.09090909090909093j),(3309.064820576332+0j),(0.7067562787407146-0.07067562787407146j),(2572.5725725725724+0j),(0.5494548812933648-0.054945488129336494j),(2000+0j)
1.286986986986987,(0.9090909090909091-0.0909090909090909j),(3312.6710093476863+0j),(0.7063714849356911-0.07063714849356911j),(2573.973973973974+0j),(0.5488567422032787-0.054885674220327876j),(2000+0j)
1.2876876876876877,(0.9090909090909091-0.09090909090909093j),(3316.279162044928+0j),(0.7059871099050203-0.07059871099050204j),(2575.3753753753754+0j),(0.5482595792872476-0.05482595792872476j),(2000+0j)
1.2883883883883884,(0.9090909090909091-0.0909090909090909j),(3319.8892786680576+0j),(0.7056031529654403-0.07056031529654404j),(2576.776776776777+0j),(0.5476633904222474-0.05476633904222475j),(2000+0j)
1.2890890890890891,(0.9090909090909091-0.09090909090909088j),(3323.501359217075+0j),(0.7052196134351749-0.0705219613435175j),(2578.1781781781783+0j),(0.5470681734910232-0.054706817349102335j),(2000+0j)
1.2897897897897899,(0.9090909090909092-0.09090909090909094j),(3327.1154036919806+0j),(0.7048364906339295-0.07048364906339295j),(2579.57957957958+0j),(0.5464739263820686-0.05464739263820686j),(2000+0j)
1.2904904904904906,(0.9090909090909092-0.09090909090909091j),(3330.731412092774+0j),(0.7044537838828873-0.07044537838828871j),(2580.9809809809813+0j),(0.5458806469896091-0.05458806469896091j),(2000+0j)
1.2911911911911913,(0.9090909090909092-0.09090909090909093j),(3334.349384419455+0j),(0.7040714925047044-0.07040714925047042j),(2582.3823823823827+0j),(0.545288333213582-0.0545288333213582j),(2000+0j)
1.291891891891892,(0.9090909090909092-0.09090909090909094j),(3337.9693206720244+0j),(0.703689615823507-0.07036896158235068j),(2583.783783783784+0j),(0.5446969829596182-0.05446969829596182j),(2000+0j)
1.2925925925925927,(0.9090909090909091-0.09090909090909091j),(3341.5912208504806+0j),(0.7033081531648868-0.07033081531648866j),(2585.1851851851857+0j),(0.544106594139024-0.0544106594139024j),(2000+0j)
1.2932932932932932,(0.9090909090909091-0.09090909090909091j),(3345.2150849548248+0j),(0.7029271038558966-0.07029271038558965j),(2586.5865865865867+0j),(0.543517164668762-0.05435171646687619j),(2000+0j)
1.293993993993994,(0.9090909090909091-0.09090909090909087j),(3348.840912985057+0j),(0.702546467225047-0.07025464672250469j),(2587.9879879879877+0j),(0.5429286924714333-0.05429286924714333j),(2000+0j)
1.2946946946946947,(0.9090909090909091-0.09090909090909091j),(3352.4687049411773+0j),(0.7021662426023025-0.07021662426023025j),(2589.389389389389+0j),(0.5423411754752592-0.05423411754752592j),(2000+0j)
1.2953953953953954,(0.9090909090909091-0.0909090909090909j),(3356.0984608231856+0j),(0.7017864293190776-0.07017864293190777j),(2590.7907907907907+0j),(0.5417546116140626-0.05417546116140626j),(2000+0j)
1.296096096096096,(0.9090909090909092-0.09090909090909094j),(3359.7301806310816+0j),(0.7014070267082315-0.07014070267082315j),(2592.192192192192+0j),(0.54116899882725-0.054116899882725j),(2000+0j)
1.2967967967967968,(0.9090909090909091-0.09090909090909093j),(3363.3638643648655+0j),(0.7010280341040664-0.07010280341040663j),(2593.5935935935936+0j),(0.5405843350597934-0.054058433505979345j),(2000+0j)
1.2974974974974975,(0.9090909090909088-0.09090909090909088j),(3366.999512024537+0j),(0.7006494508423223-0.07006494508423222j),(2594.994994994995+0j),(0.5400006182622126-0.05400006182622126j),(2000+0j)
1.2981981981981983,(0.9090909090909091-0.09090909090909091j),(3370.6371236100968+0j),(0.7002712762601728-0.07002712762601726j),(2596.3963963963965+0j),(0.5394178463905563-0.053941784639055634j),(2000+0j)
1.298898898898899,(0.9090909090909092-0.09090909090909094j),(3374.2766991215444+0j),(0.6998935096962223-0.06998935096962222j),(2597.797797797798+0j),(0.5388360174063856-0.05388360174063857j),(2000+0j)
1.2995995995995995,(0.9090909090909091-0.09090909090909091j),(3377.918238558879+0j),(0.6995161504905018-0.06995161504905018j),(2599.199199199199+0j),(0.5382551292767551-0.053825512927675526j),(2000+0j)
1.3003003003003002,(0.9090909090909091-0.09090909090909091j),(3381.5617419221016+0j),(0.6991391979844637-0.06991391979844636j),(2600.6006006006005+0j),(0.537675179974195-0.0537675179974195j),(2000+0j)
1.301001001001001,(0.9090909090909091-0.0909090909090909j),(3385.2072092112126+0j),(0.6987626515209804-0.06987626515209802j),(2602.002002002002+0j),(0.5370961674766942-0.05370961674766942j),(2000+0j)
1.3017017017017016,(0.9090909090909092-0.09090909090909093j),(3388.8546404262115+0j),(0.6983865104443391-0.06983865104443389j),(2603.4034034034034+0j),(0.5365180897676827-0.05365180897676827j),(2000+0j)
1.3024024024024023,(0.9090909090909091-0.0909090909090909j),(3392.5040355670985+0j),(0.698010774100237-0.0698010774100237j),(2604.804804804805+0j),(0.5359409448360131-0.05359409448360131j),(2000+0j)
1.303103103103103,(0.9090909090909092-0.09090909090909091j),(3396.155394633873+0j),(0.6976354418357799-0.06976354418357798j),(2606.206206206206+0j),(0.5353647306759441-0.05353647306759442j),(2000+0j)
1.3038038038038038,(0.9090909090909091-0.09090909090909093j),(3399.8087176265353+0j),(0.6972605129994767-0.06972605129994768j),(2607.6076076076074+0j),(0.5347894452871225-0.053478944528712255j),(2000+0j)
1.3045045045045045,(0.9090909090909092-0.09090909090909093j),(3403.4640045450856+0j),(0.6968859869412357-0.06968859869412357j),(2609.009009009009+0j),(0.5342150866745659-0.05342150866745659j),(2000+0j)
1.3052052052052052,(0.9090909090909091-0.09090909090909088j),(3407.121255389524+0j),(0.6965118630123615-0.06965118630123615j),(2610.4104104104103+0j),(0.5336416528486457-0.05336416528486458j),(2000+0j)
1.305905905905906,(0.9090909090909091-0.09090909090909091j),(3410.7804701598498+0j),(0.6961381405655513-0.06961381405655512j),(2611.811811811812+0j),(0.5330691418250695-0.05330691418250695j),(2000+0j)
1.3066066066066067,(0.9090909090909091-0.09090909090909091j),(3414.4416488560637+0j),(0.6957648189548902-0.06957648189548901j),(2613.2132132132133+0j),(0.5324975516248641-0.05324975516248641j),(2000+0j)
1.3073073073073074,(0.9090909090909091-0.09090909090909088j),(3418.104791478165+0j),(0.6953918975358483-0.06953918975358482j),(2614.6146146146148+0j),(0.5319268802743587-0.053192688027435875j),(2000+0j)
1.308008008008008,(0.9090909090909092-0.09090909090909091j),(3421.769898026155+0j),(0.6950193756652774-0.06950193756652774j),(2616.0160160160162+0j),(0.5313571258051674-0.05313571258051674j),(2000+0j)
1.3087087087087088,(0.9090909090909091-0.09090909090909091j),(3425.436968500032+0j),(0.6946472527014059-0.0694647252701406j),(2617.4174174174177+0j),(0.530788286254172-0.053078828625417206j),(2000+0j)
1.3094094094094095,(0.9090909090909091-0.09090909090909091j),(3429.106002899797+0j),(0.6942755280038362-0.06942755280038364j),(2618.818818818819+0j),(0.5302203596635061-0.05302203596635062j),(2000+0j)
1.3101101101101102,(0.9090909090909091-0.09090909090909093j),(3432.7770012254505+0j),(0.6939042009335405-0.06939042009335405j),(2620.2202202202207+0j),(0.5296533440805371-0.05296533440805372j),(2000+0j)
1.310810810810811,(0.9090909090909092-0.09090909090909091j),(3436.4499634769913+0j),(0.6935332708528585-0.06935332708528585j),(2621.621621621622+0j),(0.5290872375578507-0.05290872375578507j),(2000+0j)
1.3115115115115117,(0.9090909090909091-0.0909090909090909j),(3440.1248896544203+0j),(0.6931627371254909-0.0693162737125491j),(2623.0230230230236+0j),(0.5285220381532325-0.05285220381532326j),(2000+0j)
1.3122122122122122,(0.9090909090909091-0.09090909090909091j),(3443.8017797577354+0j),(0.6927925991164987-0.06927925991164989j),(2624.424424424424+0j),(0.5279577439296531-0.052795774392965324j),(2000+0j)
1.312912912912913,(0.9090909090909091-0.09090909090909091j),(3447.48063378694+0j),(0.6924228561922982-0.06924228561922983j),(2625.8258258258256+0j),(0.52739435295525-0.052739435295525j),(2000+0j)
1.3136136136136136,(0.9090909090909092-0.09090909090909091j),(3451.161451742032+0j),(0.692053507720657-0.0692053507720657j),(2627.227227227227+0j),(0.526831863303312-0.0526831863303312j),(2000+0j)
1.3143143143143143,(0.9090909090909091-0.09090909090909091j),(3454.8442336230123+0j),(0.6916845530706917-0.06916845530706918j),(2628.6286286286286+0j),(0.5262702730522627-0.052627027305226275j),(2000+0j)
1.315015015015015,(0.9090909090909091-0.09090909090909091j),(3458.5289794298806+0j),(0.691315991612863-0.0691315991612863j),(2630.03003003003+0j),(0.5257095802856436-0.05257095802856437j),(2000+0j)
1.3157157157157158,(0.9090909090909092-0.09090909090909093j),(3462.2156891626364+0j),(0.6909478227189729-0.06909478227189729j),(2631.4314314314315+0j),(0.5251497830920983-0.05251497830920983j),(2000+0j)
1.3164164164164163,(0.9090909090909091-0.0909090909090909j),(3465.904362821279+0j),(0.6905800457621611-0.06905800457621612j),(2632.8328328328325+0j),(0.5245908795653556-0.05245908795653557j),(2000+0j)
1.317117117117117,(0.9090909090909091-0.09090909090909091j),(3469.5950004058104+0j),(0.6902126601169009-0.06902126601169009j),(2634.234234234234+0j),(0.5240328678042134-0.052403286780421346j),(2000+0j)
1.3178178178178177,(0.9090909090909092-0.09090909090909094j),(3473.28760191623+0j),(0.689845665158996-0.06898456651589961j),(2635.6356356356355+0j),(0.5234757459125234-0.05234757459125235j),(2000+0j)
1.3185185185185184,(0.9090909090909091-0.09090909090909088j),(3476.982167352537+0j),(0.6894790602655771-0.06894790602655773j),(2637.037037037037+0j),(0.5229195119991737-0.052291951199917384j),(2000+0j)
1.3192192192192191,(0.9090909090909091-0.09090909090909088j),(3480.6786967147323+0j),(0.6891128448150984-0.06891128448150984j),(2638.4384384384384+0j),(0.5223641641780737-0.05223641641780738j),(2000+0j)
1.3199199199199199,(0.9090909090909091-0.09090909090909091j),(3484.377190002815+0j),(0.6887470181873339-0.06887470181873338j),(2639.83983983984+0j),(0.5218097005681377-0.05218097005681376j),(2000+0j)
1.3206206206206206,(0.9090909090909091-0.09090909090909091j),(3488.077647216786+0j),(0.6883815797633732-0.06883815797633733j),(2641.2412412412414+0j),(0.521256119293269-0.05212561192932691j),(2000+0j)
1.3213213213213213,(0.9090909090909092-0.09090909090909091j),(3491.7800683566447+0j),(0.6880165289256198-0.068801652892562j),(2642.6426426426424+0j),(0.520703418482344-0.0520703418482344j),(2000+0j)
1.322022022022022,(0.9090909090909091-0.09090909090909087j),(3495.4844534223917+0j),(0.6876518650577862-0.06876518650577865j),(2644.044044044044+0j),(0.5201515962691968-0.05201515962691969j),(2000+0j)
1.3227227227227227,(0.9090909090909091-0.09090909090909088j),(3499.1908024140253+0j),(0.6872875875448904-0.06872875875448906j),(2645.4454454454453+0j),(0.519600650792603-0.0519600650792603j),(2000+0j)
1.3234234234234235,(0.9090909090909091-0.09090909090909088j),(3502.8991153315483+0j),(0.6869236957732532-0.06869236957732532j),(2646.846846846847+0j),(0.5190505801962635-0.05190505801962635j),(2000+0j)
1.3241241241241242,(0.9090909090909091-0.0909090909090909j),(3506.609392174958+0j),(0.6865601891304944-0.06865601891304944j),(2648.2482482482483+0j),(0.5185013826287904-0.05185013826287904j),(2000+0j)
1.3248248248248249,(0.9090909090909091-0.09090909090909088j),(3510.3216329442557+0j),(0.6861970670055293-0.06861970670055292j),(2649.6496496496497+0j),(0.51795305624369-0.05179530562436901j),(2000+0j)
1.3255255255255256,(0.9090909090909091-0.09090909090909091j),(3514.0358376394415+0j),(0.6858343287885652-0.06858343287885652j),(2651.051051051051+0j),(0.5174055991993479-0.0517405599199348j),(2000+0j)
1.3262262262262263,(0.9090909090909092-0.09090909090909094j),(3517.7520062605154+0j),(0.6854719738710982-0.06854719738710982j),(2652.4524524524527+0j),(0.5168590096590135-0.05168590096590136j),(2000+0j)
1.326926926926927,(0.9090909090909091-0.0909090909090909j),(3521.470138807477+0j),(0.6851100016459098-0.06851100016459098j),(2653.853853853854+0j),(0.5163132857907844-0.05163132857907844j),(2000+0j)
1.3276276276276278,(0.9090909090909092-0.09090909090909093j),(3525.1902352803263+0j),(0.6847484115070633-0.06847484115070634j),(2655.2552552552556+0j),(0.5157684257675912-0.051576842576759124j),(2000+0j)
1.3283283283283285,(0.9090909090909091-0.09090909090909091j),(3528.912295679063+0j),(0.6843872028499006-0.06843872028499007j),(2656.656656656657+0j),(0.515224427767182-0.0515224427767182j),(2000+0j)
1.3290290290290292,(0.9090909090909091-0.09090909090909091j),(3532.636320003688+0j),(0.6840263750710389-0.06840263750710388j),(2658.0580580580586+0j),(0.5146812899721077-0.05146812899721077j),(2000+0j)
1.3297297297297297,(0.9090909090909091-0.09090909090909091j),(3536.3623082542+0j),(0.6836659275683667-0.06836659275683667j),(2659.4594594594596+0j),(0.5141390105697066-0.051413901056970655j),(2000+0j)
1.3304304304304304,(0.9090909090909091-0.09090909090909091j),(3540.0902604306007+0j),(0.6833058597410414-0.06833058597410416j),(2660.8608608608606+0j),(0.5135975877520881-0.05135975877520881j),(2000+0j)
1.3311311311311311,(0.9090909090909092-0.09090909090909094j),(3543.8201765328895+0j),(0.6829461709894857-0.0682946170989486j),(2662.262262262262+0j),(0.5130570197161198-0.051305701971611994j),(2000+0j)
1.3318318318318318,(0.9090909090909088-0.09090909090909087j),(3547.5520565610655+0j),(0.6825868607153838-0.06825868607153839j),(2663.6636636636636+0j),(0.512517304663411-0.0512517304663411j),(2000+0j)
1.3325325325325326,(0.9090909090909091-0.09090909090909093j),(3551.28590051513+0j),(0.6822279283216782-0.06822279283216784j),(2665.065065065065+0j),(0.5119784408002979-0.05119784408002979j),(2000+0j)
1.3332332332332333,(0.9090909090909091-0.09090909090909093j),(3555.021708395082+0j),(0.681869373212567-0.06818693732125672j),(2666.4664664664665+0j),(0.5114404263378289-0.051144042633782895j),(2000+0j)
1.3339339339339338,(0.9090909090909091-0.0909090909090909j),(3558.759480200921+0j),(0.6815111947935001-0.06815111947935001j),(2667.8678678678675+0j),(0.5109032594917504-0.05109032594917505j),(2000+0j)
1.3346346346346345,(0.9090909090909091-0.0909090909090909j),(3562.4992159326484+0j),(0.6811533924711755-0.06811533924711755j),(2669.269269269269+0j),(0.5103669384824903-0.05103669384824903j),(2000+0j)
1.3353353353353352,(0.9090909090909092-0.09090909090909093j),(3566.240915590264+0j),(0.6807959656535368-0.06807959656535369j),(2670.6706706706705+0j),(0.509831461535145-0.0509831461535145j),(2000+0j)
1.336036036036036,(0.9090909090909091-0.09090909090909093j),(3569.984579173768+0j),(0.6804389137497702-0.06804389137497703j),(2672.072072072072+0j),(0.5092968268794639-0.05092968268794639j),(2000+0j)
1.3367367367367367,(0.9090909090909092-0.09090909090909093j),(3573.7302066831594+0j),(0.6800822361702997-0.06800822361702998j),(2673.4734734734734+0j),(0.5087630327498348-0.050876303274983485j),(2000+0j)
1.3374374374374374,(0.9090909090909092-0.09090909090909091j),(3577.4777981184384+0j),(0.6797259323267856-0.06797259323267855j),(2674.874874874875+0j),(0.5082300773852697-0.05082300773852697j),(2000+0j)
1.338138138138138,(0.9090909090909091-0.09090909090909091j),(3581.2273534796054+0j),(0.6793700016321202-0.06793700016321202j),(2676.2762762762763+0j),(0.5076979590293896-0.050769795902938966j),(2000+0j)
1.3388388388388388,(0.9090909090909092-0.09090909090909091j),(3584.97887276666+0j),(0.6790144435004248-0.06790144435004247j),(2677.677677677678+0j),(0.5071666759304108-0.05071666759304108j),(2000+0j)
1.3395395395395395,(0.9090909090909091-0.0909090909090909j),(3588.7323559796027+0j),(0.6786592573470469-0.0678659257347047j),(2679.079079079079+0j),(0.5066362263411298-0.05066362263411298j),(2000+0j)
1.3402402402402402,(0.9090909090909091-0.0909090909090909j),(3592.487803118434+0j),(0.6783044425885565-0.06783044425885565j),(2680.4804804804803+0j),(0.5061066085189094-0.05061066085189095j),(2000+0j)
1.340940940940941,(0.9090909090909092-0.09090909090909094j),(3596.2452141831523+0j),(0.6779499986427426-0.06779499986427427j),(2681.881881881882+0j),(0.5055778207256644-0.05055778207256644j),(2000+0j)
1.3416416416416417,(0.9090909090909092-0.09090909090909093j),(3600.0045891737586+0j),(0.6775959249286116-0.06775959249286118j),(2683.2832832832833+0j),(0.5050498612278468-0.05050498612278468j),(2000+0j)
1.3423423423423424,(0.9090909090909091-0.0909090909090909j),(3603.7659280902526+0j),(0.6772422208663819-0.06772422208663818j),(2684.6846846846847+0j),(0.5045227282964321-0.05045227282964321j),(2000+0j)
1.3430430430430431,(0.9090909090909091-0.09090909090909091j),(3607.5292309326346+0j),(0.6768888858774823-0.06768888858774823j),(2686.086086086086+0j),(0.5039964202069053-0.050399642020690534j),(2000+0j)
1.3437437437437438,(0.9090909090909091-0.0909090909090909j),(3611.2944977009047+0j),(0.6765359193845487-0.06765359193845488j),(2687.4874874874877+0j),(0.5034709352392461-0.05034709352392462j),(2000+0j)
1.3444444444444446,(0.9090909090909091-0.09090909090909091j),(3615.0617283950623+0j),(0.6761833208114199-0.067618332081142j),(2688.888888888889+0j),(0.5029462716779156-0.05029462716779157j),(2000+0j)
1.3451451451451453,(0.9090909090909092-0.09090909090909091j),(3618.830923015108+0j),(0.6758310895831361-0.06758310895831363j),(2690.2902902902906+0j),(0.5024224278118415-0.05024224278118416j),(2000+0j)
1.345845845845846,(0.9090909090909091-0.09090909090909091j),(3622.602081561041+0j),(0.6754792251259338-0.06754792251259338j),(2691.691691691692+0j),(0.5018994019344052-0.05018994019344053j),(2000+0j)
1.3465465465465467,(0.9090909090909091-0.0909090909090909j),(3626.3752040328627+0j),(0.675127726867245-0.0675127726867245j),(2693.0930930930936+0j),(0.5013771923434268-0.05013771923434269j),(2000+0j)
1.3472472472472472,(0.9090909090909091-0.09090909090909093j),(3630.1502904305707+0j),(0.6747765942356923-0.06747765942356923j),(2694.4944944944946+0j),(0.5008557973411519-0.0500855797341152j),(2000+0j)
1.347947947947948,(0.9090909090909091-0.09090909090909091j),(3633.9273407541673+0j),(0.674425826661086-0.06744258266610859j),(2695.895895895896+0j),(0.5003352152342379-0.050033521523423795j),(2000+0j)
1.3486486486486486,(0.9090909090909091-0.09090909090909088j),(3637.7063550036523+0j),(0.6740754235744215-0.06740754235744217j),(2697.297297297297+0j),(0.4998154443337394-0.04998154443337394j),(2000+0j)
1.3493493493493494,(0.9090909090909092-0.09090909090909094j),(3641.487333179025+0j),(0.6737253844078771-0.06737253844078772j),(2698.6986986986985+0j),(0.4992964829550957-0.04992964829550958j),(2000+0j)
1.35005005005005,(0.9090909090909092-0.09090909090909093j),(3645.270275280285+0j),(0.6733757085948086-0.06733757085948086j),(2700.1001001001+0j),(0.4987783294181164-0.049877832941811646j),(2000+0j)
1.3507507507507508,(0.9090909090909091-0.09090909090909094j),(3649.0551813074335+0j),(0.6730263955697482-0.06730263955697482j),(2701.5015015015015+0j),(0.4982609820469678-0.04982609820469678j),(2000+0j)
1.3514514514514513,(0.9090909090909091-0.09090909090909088j),(3652.842051260469+0j),(0.672677444768401-0.0672677444768401j),(2702.9029029029025+0j),(0.49774443917015976-0.04977444391701598j),(2000+0j)
1.352152152152152,(0.9090909090909092-0.09090909090909091j),(3656.630885139393+0j),(0.6723288556276417-0.06723288556276419j),(2704.304304304304+0j),(0.4972286991205315-0.04972286991205316j),(2000+0j)
1.3528528528528527,(0.9090909090909091-0.09090909090909091j),(3660.421682944205+0j),(0.6719806275855111-0.06719806275855111j),(2705.7057057057054+0j),(0.49671376023523917-0.04967137602352392j),(2000+0j)
1.3535535535535534,(0.9090909090909091-0.09090909090909088j),(3664.214444674905+0j),(0.6716327600812143-0.06716327600812143j),(2707.107107107107+0j),(0.4961996208557412-0.04961996208557412j),(2000+0j)
1.3542542542542542,(0.9090909090909088-0.09090909090909088j),(3668.009170331492+0j),(0.6712852525551173-0.06712852525551173j),(2708.5085085085084+0j),(0.49568627932778636-0.049568627932778636j),(2000+0j)
1.3549549549549549,(0.9090909090909092-0.09090909090909093j),(3671.8058599139677+0j),(0.6709381044487427-0.06709381044487427j),(2709.90990990991+0j),(0.49517373400139925-0.049517373400139925j),(2000+0j)
1.3556556556556556,(0.9090909090909091-0.09090909090909088j),(3675.604513422331+0j),(0.6705913152047687-0.06705913152047686j),(2711.3113113113113+0j),(0.49466198323086763-0.04946619832308677j),(2000+0j)
1.3563563563563563,(0.9090909090909092-0.09090909090909093j),(3679.405130856582+0j),(0.6702448842670246-0.06702448842670244j),(2712.712712712713+0j),(0.4941510253747287-0.049415102537472874j),(2000+0j)
1.357057057057057,(0.9090909090909091-0.09090909090909088j),(3683.207712216721+0j),(0.6698988110804885-0.06698988110804885j),(2714.1141141141143+0j),(0.4936408587957571-0.04936408587957572j),(2000+0j)
1.3577577577577578,(0.9090909090909092-0.09090909090909094j),(3687.012257502748+0j),(0.6695530950912844-0.06695530950912845j),(2715.5155155155153+0j),(0.49313148186095035-0.049313148186095036j),(2000+0j)
1.3584584584584585,(0.9090909090909091-0.09090909090909093j),(3690.8187667146626+0j),(0.6692077357466792-0.06692077357466794j),(2716.9169169169168+0j),(0.49262289294151673-0.04926228929415168j),(2000+0j)
1.3591591591591592,(0.9090909090909092-0.09090909090909091j),(3694.627239852465+0j),(0.668862732495079-0.0668862732495079j),(2718.3183183183182+0j),(0.49211509041286183-0.04921150904128619j),(2000+0j)
1.35985985985986,(0.9090909090909092-0.09090909090909094j),(3698.437676916156+0j),(0.6685180847860273-0.06685180847860273j),(2719.7197197197197+0j),(0.4916080726545759-0.0491608072654576j),(2000+0j)
1.3605605605605606,(0.9090909090909092-0.09090909090909093j),(3702.250077905734+0j),(0.6681737920702016-0.06681737920702016j),(2721.121121121121+0j),(0.4911018380504204-0.04911018380504205j),(2000+0j)
1.3612612612612613,(0.9090909090909092-0.09090909090909094j),(3706.0644428212004+0j),(0.6678298537994103-0.06678298537994103j),(2722.5225225225226+0j),(0.4905963849883159-0.0490596384988316j),(2000+0j)
1.361961961961962,(0.9090909090909091-0.09090909090909091j),(3709.880771662554+0j),(0.6674862694265898-0.06674862694265898j),(2723.923923923924+0j),(0.4900917118603286-0.04900917118603287j),(2000+0j)
1.3626626626626628,(0.9090909090909092-0.09090909090909094j),(3713.6990644297957+0j),(0.6671430384058018-0.06671430384058018j),(2725.3253253253256+0j),(0.48958781706265775-0.048958781706265775j),(2000+0j)
1.3633633633633635,(0.9090909090909091-0.09090909090909091j),(3717.5193211229252+0j),(0.6668001601922308-0.06668001601922308j),(2726.726726726727+0j),(0.4890846989956228-0.04890846989956228j),(2000+0j)
1.3640640640640642,(0.9090909090909091-0.09090909090909088j),(3721.3415417419433+0j),(0.6664576342421796-0.06664576342421796j),(2728.1281281281285+0j),(0.488582356063651-0.048858235606365104j),(2000+0j)
1.3647647647647647,(0.9090909090909091-0.09090909090909091j),(3725.165726286847+0j),(0.6661154600130689-0.06661154600130689j),(2729.5295295295296+0j),(0.48808078667526467-0.048808078667526476j),(2000+0j)
1.3654654654654654,(0.9090909090909091-0.09090909090909091j),(3728.9918747576403+0j),(0.6657736369634325-0.06657736369634325j),(2730.930930930931+0j),(0.4875799892430679-0.04875799892430679j),(2000+0j)
1.3661661661661662,(0.9090909090909091-0.0909090909090909j),(3732.8199871543216+0j),(0.6654321645529149-0.06654321645529149j),(2732.3323323323325+0j),(0.48707996218373517-0.04870799621837352j),(2000+0j)
1.3668668668668669,(0.9090909090909092-0.09090909090909094j),(3736.6500634768904+0j),(0.6650910422422689-0.0665091042242269j),(2733.7337337337335+0j),(0.4865807039179982-0.04865807039179981j),(2000+0j)
1.3675675675675676,(0.9090909090909091-0.09090909090909091j),(3740.482103725347+0j),(0.6647502694933525-0.06647502694933526j),(2735.135135135135+0j),(0.4860822128706332-0.048608221287063325j),(2000+0j)
1.3682682682682683,(0.9090909090909091-0.0909090909090909j),(3744.316107899692+0j),(0.6644098457691259-0.0664409845769126j),(2736.5365365365365+0j),(0.4855844874704489-0.048558448747044895j),(2000+0j)
1.368968968968969,(0.9090909090909091-0.0909090909090909j),(3748.1520759999244+0j),(0.6640697705336488-0.06640697705336487j),(2737.937937937938+0j),(0.4850875261502743-0.048508752615027434j),(2000+0j)
1.3696696696696695,(0.9090909090909092-0.09090909090909094j),(3751.990008026043+0j),(0.663730043252078-0.0663730043252078j),(2739.339339339339+0j),(0.4845913273469458-0.04845913273469458j),(2000+0j)
1.3703703703703702,(0.9090909090909092-0.09090909090909093j),(3755.8299039780513+0j),(0.6633906633906635-0.06633906633906636j),(2740.7407407407404+0j),(0.48409588950129495-0.0484095889501295j),(2000+0j)
1.371071071071071,(0.9090909090909092-0.09090909090909091j),(3759.6717638559476+0j),(0.663051630416747-0.06630516304167469j),(2742.142142142142+0j),(0.483601211058137-0.04836012110581371j),(2000+0j)
1.3717717717717717,(0.9090909090909092-0.09090909090909091j),(3763.5155876597314+0j),(0.6627129437987581-0.0662712943798758j),(2743.5435435435434+0j),(0.48310729046625756-0.04831072904662575j),(2000+0j)
1.3724724724724724,(0.9090909090909091-0.09090909090909091j),(3767.361375389403+0j),(0.6623746030062126-0.06623746030062126j),(2744.944944944945+0j),(0.4826141261784017-0.04826141261784017j),(2000+0j)
1.3731731731731731,(0.9090909090909091-0.0909090909090909j),(3771.2091270449623+0j),(0.6620366075097086-0.06620366075097085j),(2746.3463463463463+0j),(0.48212171665126036-0.048212171665126036j),(2000+0j)
1.3738738738738738,(0.9090909090909091-0.09090909090909091j),(3775.05884262641+0j),(0.6616989567809239-0.0661698956780924j),(2747.747747747748+0j),(0.48163006034545947-0.04816300603454595j),(2000+0j)
1.3745745745745745,(0.9090909090909092-0.09090909090909091j),(3778.9105221337454+0j),(0.6613616502926145-0.06613616502926142j),(2749.1491491491493+0j),(0.48113915572554744-0.04811391557255475j),(2000+0j)
1.3752752752752753,(0.9090909090909092-0.09090909090909094j),(3782.7641655669686+0j),(0.6610246875186101-0.066102468751861j),(2750.5505505505507+0j),(0.48064900125998344-0.048064900125998344j),(2000+0j)
1.375975975975976,(0.9090909090909091-0.09090909090909091j),(3786.619772926079+0j),(0.6606880679338122-0.06606880679338122j),(2751.9519519519517+0j),(0.4801595954211249-0.04801595954211249j),(2000+0j)
1.3766766766766767,(0.9090909090909091-0.09090909090909091j),(3790.477344211078+0j),(0.6603517910141921-0.06603517910141922j),(2753.353353353353+0j),(0.4796709366852161-0.047967093668521615j),(2000+0j)
1.3773773773773774,(0.9090909090909091-0.0909090909090909j),(3794.336879421965+0j),(0.6600158562367864-0.06600158562367864j),(2754.7547547547547+0j),(0.4791830235323762-0.04791830235323762j),(2000+0j)
1.3780780780780781,(0.9090909090909091-0.0909090909090909j),(3798.198378558739+0j),(0.6596802630796965-0.06596802630796965j),(2756.156156156156+0j),(0.4786958544465873-0.04786958544465873j),(2000+0j)
1.3787787787787789,(0.9090909090909092-0.09090909090909093j),(3802.0618416214015+0j),(0.6593450110220839-0.0659345011022084j),(2757.5575575575576+0j),(0.4782094279156828-0.047820942791568295j),(2000+0j)
1.3794794794794796,(0.9090909090909092-0.09090909090909093j),(3805.9272686099516+0j),(0.6590100995441682-0.06590100995441683j),(2758.958958958959+0j),(0.4777237424313358-0.04777237424313359j),(2000+0j)
1.3801801801801803,(0.9090909090909091-0.09090909090909091j),(3809.7946595243898+0j),(0.6586755281272252-0.06586755281272254j),(2760.3603603603606+0j),(0.47723879648904693-0.0477238796489047j),(2000+0j)
1.380880880880881,(0.9090909090909092-0.09090909090909093j),(3813.664014364716+0j),(0.6583412962535833-0.06583412962535833j),(2761.761761761762+0j),(0.476754588588133-0.047675458858813295j),(2000+0j)
1.3815815815815817,(0.9090909090909091-0.09090909090909088j),(3817.5353331309293+0j),(0.658007403406621-0.06580074034066212j),(2763.1631631631635+0j),(0.47627111723171583-0.04762711172317159j),(2000+0j)
1.3822822822822824,(0.9090909090909092-0.09090909090909093j),(3821.408615823031+0j),(0.6576738490707641-0.0657673849070764j),(2764.564564564565+0j),(0.4757883809267095-0.047578838092670946j),(2000+0j)
1.382982982982983,(0.9090909090909091-0.0909090909090909j),(3825.283862441019+0j),(0.6573406327314839-0.0657340632731484j),(2765.965965965966+0j),(0.47530637818381044-0.04753063781838105j),(2000+0j)
1.3836836836836837,(0.9090909090909091-0.0909090909090909j),(3829.1610729848967+0j),(0.6570077538752935-0.06570077538752936j),(2767.3673673673675+0j),(0.47482510751748397-0.0474825107517484j),(2000+0j)
1.3843843843843844,(0.9090909090909092-0.09090909090909094j),(3833.0402474546618+0j),(0.6566752119897458-0.06566752119897457j),(2768.768768768769+0j),(0.47434456744595505-0.04743445674459551j),(2000+0j)
1.385085085085085,(0.9090909090909092-0.09090909090909094j),(3836.921385850315+0j),(0.65634300656343-0.06563430065634297j),(2770.1701701701704+0j),(0.473864756491195-0.04738647564911951j),(2000+0j)
1.3857857857857858,(0.9090909090909091-0.09090909090909094j),(3840.8044881718556+0j),(0.656011137085971-0.0656011137085971j),(2771.5715715715714+0j),(0.4733856731789114-0.04733856731789114j),(2000+0j)
1.3864864864864865,(0.9090909090909091-0.09090909090909093j),(3844.6895544192844+0j),(0.6556796030480241-0.06556796030480241j),(2772.972972972973+0j),(0.47290731603853575-0.04729073160385358j),(2000+0j)
1.387187187187187,(0.9090909090909092-0.09090909090909094j),(3848.5765845926+0j),(0.6553484039412746-0.06553484039412746j),(2774.374374374374+0j),(0.47242968360321347-0.04724296836032135j),(2000+0j)
1.3878878878878878,(0.9090909090909092-0.09090909090909094j),(3852.4655786918042+0j),(0.6550175392584336-0.06550175392584336j),(2775.7757757757754+0j),(0.471952774409791-0.047195277440979094j),(2000+0j)
1.3885885885885885,(0.9090909090909092-0.09090909090909094j),(3856.3565367168967+0j),(0.6546870084932369-0.06546870084932369j),(2777.177177177177+0j),(0.471476586998806-0.04714765869988061j),(2000+0j)
1.3892892892892892,(0.9090909090909092-0.09090909090909094j),(3860.2494586678768+0j),(0.6543568111404411-0.0654356811140441j),(2778.5785785785783+0j),(0.4710011199144756-0.04710011199144756j),(2000+0j)
1.38998998998999,(0.9090909090909091-0.09090909090909088j),(3864.1443445447444+0j),(0.6540269466958218-0.06540269466958216j),(2779.97997997998+0j),(0.47052637170468525-0.04705263717046852j),(2000+0j)
1.3906906906906906,(0.9090909090909092-0.09090909090909093j),(3868.0411943475+0j),(0.6536974146561709-0.0653697414656171j),(2781.3813813813813+0j),(0.47005234092097803-0.04700523409209781j),(2000+0j)
1.3913913913913913,(0.9090909090909092-0.09090909090909094j),(3871.9400080761443+0j),(0.6533682145192936-0.06533682145192934j),(2782.7827827827828+0j),(0.46957902611854274-0.046957902611854285j),(2000+0j)
1.392092092092092,(0.9090909090909091-0.09090909090909091j),(3875.840785730675+0j),(0.6530393457840068-0.06530393457840067j),(2784.1841841841842+0j),(0.46910642585620393-0.046910642585620395j),(2000+0j)
1.3927927927927928,(0.9090909090909091-0.0909090909090909j),(3879.7435273110946+0j),(0.6527108079501353-0.06527108079501352j),(2785.5855855855857+0j),(0.46863453869641014-0.04686345386964102j),(2000+0j)
1.3934934934934935,(0.9090909090909092-0.09090909090909093j),(3883.648232817402+0j),(0.6523826005185105-0.06523826005185104j),(2786.986986986987+0j),(0.46816336320522367-0.04681633632052238j),(2000+0j)
1.3941941941941942,(0.9090909090909091-0.0909090909090909j),(3887.554902249597+0j),(0.6520547229909667-0.06520547229909665j),(2788.3883883883886+0j),(0.46769289795230873-0.04676928979523087j),(2000+0j)
1.394894894894895,(0.9090909090909091-0.09090909090909091j),(3891.4635356076797+0j),(0.6517271748703396-0.06517271748703396j),(2789.7897897897897+0j),(0.46722314151092154-0.04672231415109215j),(2000+0j)
1.3955955955955957,(0.9090909090909091-0.09090909090909091j),(3895.374132891651+0j),(0.6513999556604635-0.06513999556604635j),(2791.191191191191+0j),(0.46675409245789906-0.04667540924578991j),(2000+0j)
1.3962962962962964,(0.9090909090909091-0.0909090909090909j),(3899.286694101509+0j),(0.6510730648661683-0.06510730648661683j),(2792.5925925925926+0j),(0.46628574937364836-0.04662857493736483j),(2000+0j)
1.396996996996997,(0.9090909090909091-0.09090909090909088j),(3903.201219237256+0j),(0.6507465019932777-0.06507465019932777j),(2793.993993993994+0j),(0.4658181108421354-0.04658181108421355j),(2000+0j)
1.3976976976976978,(0.9090909090909092-0.09090909090909093j),(3907.11770829889+0j),(0.6504202665486057-0.06504202665486056j),(2795.3953953953956+0j),(0.4653511754508752-0.046535117545087525j),(2000+0j)
1.3983983983983985,(0.9090909090909092-0.09090909090909094j),(3911.0361612864126+0j),(0.6500943580399555-0.06500943580399554j),(2796.796796796797+0j),(0.4648849417909203-0.046488494179092045j),(2000+0j)
1.3990990990990992,(0.9090909090909088-0.09090909090909087j),(3914.956578199822+0j),(0.6497687759761165-0.06497687759761166j),(2798.1981981981985+0j),(0.46441940845685076-0.04644194084568508j),(2000+0j)
1.3997997997998,(0.9090909090909091-0.09090909090909094j),(3918.8789590391198+0j),(0.6494435198668608-0.06494435198668608j),(2799.5995995996+0j),(0.4639545740467633-0.046395457404676335j),(2000+0j)
1.4005005005005005,(0.9090909090909091-0.09090909090909088j),(3922.8033038043045+0j),(0.6491185892229421-0.0649118589222942j),(2801.001001001001+0j),(0.4634904371622608-0.046349043716226085j),(2000+0j)
1.4012012012012012,(0.9090909090909091-0.09090909090909093j),(3926.729612495378+0j),(0.6487939835560923-0.06487939835560923j),(2802.4024024024025+0j),(0.46302699640844136-0.04630269964084414j),(2000+0j)
1.401901901901902,(0.9090909090909091-0.09090909090909088j),(3930.6578851123395+0j),(0.6484697023790205-0.06484697023790204j),(2803.803803803804+0j),(0.462564250393889-0.046256425039388906j),(2000+0j)
1.4026026026026026,(0.9090909090909092-0.09090909090909094j),(3934.588121655189+0j),(0.6481457452054082-0.06481457452054082j),(2805.2052052052054+0j),(0.46210219773066147-0.04621021977306615j),(2000+0j)
1.4033033033033033,(0.9090909090909091-0.09090909090909091j),(3938.520322123926+0j),(0.6478221115499095-0.06478221115499097j),(2806.606606606607+0j),(0.4616408370342817-0.04616408370342817j),(2000+0j)
1.404004004004004,(0.9090909090909091-0.09090909090909093j),(3942.4544865185508+0j),(0.6474988009281464-0.06474988009281465j),(2808.008008008008+0j),(0.46118016692372604-0.046118016692372615j),(2000+0j)
1.4047047047047045,(0.9090909090909091-0.0909090909090909j),(3946.3906148390624+0j),(0.647175812856708-0.06471758128567079j),(2809.409409409409+0j),(0.46072018602141473-0.04607201860214147j),(2000+0j)
1.4054054054054053,(0.9090909090909092-0.09090909090909093j),(3950.328707085463+0j),(0.646853146853147-0.0646853146853147j),(2810.8108108108104+0j),(0.4602608929532007-0.04602608929532007j),(2000+0j)
1.406106106106106,(0.9090909090909091-0.09090909090909087j),(3954.2687632577517+0j),(0.646530802435978-0.0646530802435978j),(2812.212212212212+0j),(0.4598022863483605-0.04598022863483606j),(2000+0j)
1.4068068068068067,(0.9090909090909092-0.09090909090909094j),(3958.210783355928+0j),(0.6462087791246749-0.0646208779124675j),(2813.6136136136133+0j),(0.4593443648395832-0.04593443648395832j),(2000+0j)
1.4075075075075074,(0.9090909090909092-0.09090909090909094j),(3962.154767379992+0j),(0.6458870764396687-0.06458870764396689j),(2815.015015015015+0j),(0.45888712706296075-0.045888712706296075j),(2000+0j)
1.4082082082082081,(0.9090909090909092-0.09090909090909093j),(3966.1007153299443+0j),(0.6455656939023444-0.06455656939023445j),(2816.4164164164163+0j),(0.458430571657977-0.0458430571657977j),(2000+0j)
1.4089089089089089,(0.9090909090909091-0.09090909090909091j),(3970.048627205784+0j),(0.6452446310350395-0.06452446310350395j),(2817.8178178178177+0j),(0.4579746972674988-0.04579746972674989j),(2000+0j)
1.4096096096096096,(0.9090909090909091-0.09090909090909088j),(3973.998503007512+0j),(0.6449238873610412-0.06449238873610412j),(2819.219219219219+0j),(0.4575195025377646-0.04575195025377645j),(2000+0j)
1.4103103103103103,(0.9090909090909092-0.09090909090909093j),(3977.9503427351274+0j),(0.6446034624045838-0.0644603462404584j),(2820.6206206206207+0j),(0.4570649861183755-0.04570649861183755j),(2000+0j)
1.411011011011011,(0.9090909090909091-0.0909090909090909j),(3981.9041463886306+0j),(0.6442833556908473-0.06442833556908474j),(2822.022022022022+0j),(0.45661114666228453-0.04566111466622846j),(2000+0j)
1.4117117117117117,(0.9090909090909091-0.09090909090909091j),(3985.8599139680223+0j),(0.6439635667459535-0.06439635667459535j),(2823.4234234234236+0j),(0.45615798282578707-0.04561579828257871j),(2000+0j)
1.4124124124124124,(0.9090909090909091-0.0909090909090909j),(3989.8176454733016+0j),(0.6436440950969654-0.06436440950969655j),(2824.824824824825+0j),(0.45570549326851056-0.04557054932685106j),(2000+0j)
1.4131131131131132,(0.9090909090909092-0.09090909090909094j),(3993.7773409044685+0j),(0.6433249402718836-0.06433249402718838j),(2826.226226226226+0j),(0.45525367665340494-0.045525367665340495j),(2000+0j)
1.4138138138138139,(0.9090909090909091-0.09090909090909093j),(3997.739000261523+0j),(0.6430061017996447-0.0643006101799645j),(2827.6276276276276+0j),(0.4548025316467325-0.04548025316467325j),(2000+0j)
1.4145145145145146,(0.9090909090909088-0.09090909090909087j),(4001.7026235444655+0j),(0.6426875792101182-0.06426875792101182j),(2829.029029029029+0j),(0.45435205691805824-0.04543520569180583j),(2000+0j)
1.4152152152152153,(0.9090909090909091-0.09090909090909093j),(4005.6682107532965+0j),(0.6423693720341054-0.06423693720341055j),(2830.4304304304305+0j),(0.45390225114023985-0.04539022511402399j),(2000+0j)
1.415915915915916,(0.9090909090909092-0.09090909090909093j),(4009.635761888015+0j),(0.6420514798033354-0.06420514798033354j),(2831.831831831832+0j),(0.45345311298941815-0.04534531129894181j),(2000+0j)
1.4166166166166168,(0.9090909090909092-0.09090909090909094j),(4013.6052769486214+0j),(0.6417339020504649-0.0641733902050465j),(2833.2332332332335+0j),(0.4530046411450073-0.045300464114500734j),(2000+0j)
1.4173173173173175,(0.9090909090909091-0.09090909090909091j),(4017.576755935115+0j),(0.641416638309074-0.0641416638309074j),(2834.634634634635+0j),(0.45255683428968496-0.0452556834289685j),(2000+0j)
1.418018018018018,(0.9090909090909091-0.0909090909090909j),(4021.550198847496+0j),(0.6410996881136652-0.06410996881136652j),(2836.036036036036+0j),(0.45210969110938265-0.04521096911093827j),(2000+0j)
1.4187187187187187,(0.9090909090909091-0.09090909090909088j),(4025.5256056857656+0j),(0.6407830509996599-0.06407830509996598j),(2837.4374374374374+0j),(0.4516632102932763-0.04516632102932763j),(2000+0j)
1.4194194194194194,(0.9090909090909091-0.0909090909090909j),(4029.5029764499236+0j),(0.6404667265033979-0.06404667265033978j),(2838.838838838839+0j),(0.451217390533776-0.0451217390533776j),(2000+0j)
1.4201201201201201,(0.9090909090909091-0.09090909090909091j),(4033.482311139969+0j),(0.640150714162133-0.0640150714162133j),(2840.2402402402404+0j),(0.4507722305265179-0.04507722305265179j),(2000+0j)
1.4208208208208208,(0.9090909090909091-0.09090909090909088j),(4037.4636097559023+0j),(0.6398350135140327-0.06398350135140327j),(2841.641641641642+0j),(0.4503277289703527-0.04503277289703528j),(2000+0j)
1.4215215215215216,(0.9090909090909092-0.09090909090909094j),(4041.4468722977235+0j),(0.639519624098175-0.06395196240981749j),(2843.0430430430433+0j),(0.449883884567338-0.04498838845673381j),(2000+0j)
1.4222222222222223,(0.9090909090909091-0.09090909090909091j),(4045.4320987654323+0j),(0.6392045454545454-0.06392045454545453j),(2844.4444444444443+0j),(0.4494406960227273-0.044944069602272735j),(2000+0j)
1.4229229229229228,(0.9090909090909091-0.09090909090909091j),(4049.419289159028+0j),(0.6388897771240368-0.06388897771240369j),(2845.8458458458454+0j),(0.4489981620449615-0.04489981620449615j),(2000+0j)
1.4236236236236235,(0.9090909090909091-0.0909090909090909j),(4053.4084434785127+0j),(0.6385753186484447-0.06385753186484448j),(2847.247247247247+0j),(0.4485562813456592-0.04485562813456592j),(2000+0j)
1.4243243243243242,(0.9090909090909091-0.09090909090909093j),(4057.399561723885+0j),(0.6382611695704675-0.06382611695704676j),(2848.6486486486483+0j),(0.4481150526396072-0.04481150526396072j),(2000+0j)
1.425025025025025,(0.9090909090909091-0.0909090909090909j),(4061.3926438951457+0j),(0.6379473294337021-0.06379473294337022j),(2850.05005005005+0j),(0.4476744746447516-0.044767447464475155j),(2000+0j)
1.4257257257257256,(0.9090909090909091-0.0909090909090909j),(4065.387689992294+0j),(0.637633797782643-0.06376337977826431j),(2851.4514514514512+0j),(0.447234546082188-0.044723454608218804j),(2000+0j)
1.4264264264264264,(0.9090909090909092-0.09090909090909091j),(4069.3847000153305+0j),(0.6373205741626794-0.06373205741626795j),(2852.8528528528527+0j),(0.446795265676152-0.044679526567615195j),(2000+0j)
1.427127127127127,(0.9090909090909092-0.09090909090909093j),(4073.383673964254+0j),(0.6370076581200942-0.06370076581200942j),(2854.254254254254+0j),(0.44635663215401145-0.04463566321540115j),(2000+0j)
1.4278278278278278,(0.9090909090909092-0.09090909090909094j),(4077.384611839066+0j),(0.6366950492020598-0.06366950492020598j),(2855.6556556556557+0j),(0.4459186442462547-0.04459186442462547j),(2000+0j)
1.4285285285285285,(0.9090909090909091-0.09090909090909091j),(4081.3875136397655+0j),(0.636382746956638-0.0636382746956638j),(2857.057057057057+0j),(0.4454813006864841-0.04454813006864841j),(2000+0j)
1.4292292292292292,(0.9090909090909091-0.09090909090909088j),(4085.392379366353+0j),(0.6360707509327765-0.06360707509327766j),(2858.4584584584586+0j),(0.44504460021140474-0.044504460021140474j),(2000+0j)
1.42992992992993,(0.9090909090909091-0.09090909090909093j),(4089.399209018829+0j),(0.6357590606803065-0.06357590606803065j),(2859.85985985986+0j),(0.4446085415608164-0.044460854156081635j),(2000+0j)
1.4306306306306307,(0.9090909090909092-0.0909090909090909j),(4093.408002597192+0j),(0.6354476757499428-0.06354476757499428j),(2861.2612612612616+0j),(0.4441731234776048-0.04441731234776048j),(2000+0j)
1.4313313313313314,(0.9090909090909092-0.0909090909090909j),(4097.418760101444+0j),(0.6351365956932779-0.0635136595693278j),(2862.6626626626626+0j),(0.443738344707731-0.044373834470773095j),(2000+0j)
1.432032032032032,(0.9090909090909088-0.09090909090909088j),(4101.431481531582+0j),(0.6348258200627834-0.06348258200627833j),(2864.064064064064+0j),(0.4433042040002241-0.04433042040002241j),(2000+0j)
1.4327327327327328,(0.9090909090909092-0.09090909090909094j),(4105.446166887609+0j),(0.634515348411806-0.0634515348411806j),(2865.4654654654655+0j),(0.4428707001071712-0.044287070010717126j),(2000+0j)
1.4334334334334335,(0.9090909090909091-0.09090909090909091j),(4109.462816169524+0j),(0.6342051802945656-0.06342051802945657j),(2866.866866866867+0j),(0.4424378317837088-0.04424378317837088j),(2000+0j)
1.4341341341341343,(0.9090909090909091-0.09090909090909088j),(4113.481429377326+0j),(0.6338953152661535-0.06338953152661535j),(2868.2682682682685+0j),(0.4420055977880138-0.044200559778801385j),(2000+0j)
1.434834834834835,(0.9090909090909091-0.0909090909090909j),(4117.502006511017+0j),(0.6335857528825296-0.06335857528825295j),(2869.66966966967+0j),(0.4415739968812941-0.044157399688129415j),(2000+0j)
1.4355355355355357,(0.9090909090909091-0.09090909090909091j),(4121.524547570594+0j),(0.6332764927005216-0.06332764927005215j),(2871.0710710710714+0j),(0.44114302782778125-0.04411430278277813j),(2000+0j)
1.4362362362362362,(0.9090909090909091-0.09090909090909091j),(4125.549052556059+0j),(0.6329675342778214-0.06329675342778213j),(2872.4724724724724+0j),(0.4407126893947195-0.04407126893947195j),(2000+0j)
1.436936936936937,(0.9090909090909092-0.09090909090909091j),(4129.575521467414+0j),(0.6326588771729837-0.06326588771729838j),(2873.873873873874+0j),(0.4402829803523585-0.044028298035235856j),(2000+0j)
1.4376376376376376,(0.9090909090909091-0.09090909090909091j),(4133.6039543046545+0j),(0.6323505209454241-0.06323505209454242j),(2875.2752752752754+0j),(0.4398538994739442-0.04398538994739442j),(2000+0j)
1.4383383383383384,(0.9090909090909092-0.09090909090909091j),(4137.634351067785+0j),(0.6320424651554166-0.06320424651554166j),(2876.676676676677+0j),(0.4394254455357096-0.04394254455357097j),(2000+0j)
1.439039039039039,(0.9090909090909091-0.09090909090909088j),(4141.666711756802+0j),(0.6317347093640917-0.06317347093640917j),(2878.0780780780783+0j),(0.43899761731686665-0.04389976173168666j),(2000+0j)
1.4397397397397398,(0.9090909090909092-0.09090909090909094j),(4145.701036371707+0j),(0.6314272531334341-0.0631427253133434j),(2879.47947947948+0j),(0.4385704135995971-0.04385704135995971j),(2000+0j)
1.4404404404404403,(0.9090909090909092-0.09090909090909093j),(4149.737324912499+0j),(0.631120096026281-0.0631120096026281j),(2880.880880880881+0j),(0.43814383316904426-0.04381438331690443j),(2000+0j)
1.441141141141141,(0.9090909090909091-0.09090909090909091j),(4153.7755773791805+0j),(0.6308132376063195-0.06308132376063195j),(2882.282282282282+0j),(0.4377178748133036-0.04377178748133036j),(2000+0j)
1.4418418418418417,(0.9090909090909091-0.09090909090909091j),(4157.815793771749+0j),(0.6305066774380854-0.06305066774380855j),(2883.6836836836833+0j),(0.4372925373234152-0.04372925373234152j),(2000+0j)
1.4425425425425424,(0.9090909090909091-0.09090909090909093j),(4161.857974090205+0j),(0.6302004150869602-0.06302004150869603j),(2885.0850850850848+0j),(0.4368678194933545-0.04368678194933545j),(2000+0j)
1.4432432432432432,(0.9090909090909091-0.09090909090909087j),(4165.90211833455+0j),(0.6298944501191693-0.06298944501191694j),(2886.4864864864862+0j),(0.4364437201200236-0.04364437201200235j),(2000+0j)
1.4439439439439439,(0.9090909090909092-0.09090909090909094j),(4169.948226504783+0j),(0.6295887821017804-0.06295887821017804j),(2887.8878878878877+0j),(0.4360202380032434-0.04360202380032434j),(2000+0j)
1.4446446446446446,(0.9090909090909091-0.0909090909090909j),(4173.996298600903+0j),(0.6292834106027011-0.06292834106027013j),(2889.289289289289+0j),(0.43559737194574444-0.04355973719457445j),(2000+0j)
1.4453453453453453,(0.9090909090909091-0.09090909090909093j),(4178.046334622911+0j),(0.6289783351906768-0.06289783351906768j),(2890.6906906906906+0j),(0.43517512075315884-0.04351751207531589j),(2000+0j)
1.446046046046046,(0.9090909090909092-0.09090909090909094j),(4182.098334570807+0j),(0.6286735554352887-0.06286735554352887j),(2892.092092092092+0j),(0.43475348323401175-0.04347534832340118j),(2000+0j)
1.4467467467467467,(0.9090909090909091-0.09090909090909088j),(4186.152298444591+0j),(0.6283690709069523-0.06283690709069523j),(2893.4934934934936+0j),(0.43433245819971306-0.0434332458199713j),(2000+0j)
1.4474474474474475,(0.9090909090909092-0.09090909090909091j),(4190.208226244263+0j),(0.6280648811769144-0.06280648811769143j),(2894.894894894895+0j),(0.4339120444645486-0.04339120444645486j),(2000+0j)
1.4481481481481482,(0.9090909090909091-0.0909090909090909j),(4194.2661179698225+0j),(0.6277609858172517-0.06277609858172517j),(2896.2962962962965+0j),(0.4334922408456725-0.043349224084567255j),(2000+0j)
1.448848848848849,(0.9090909090909092-0.09090909090909093j),(4198.325973621269+0j),(0.6274573844008693-0.06274573844008692j),(2897.697697697698+0j),(0.43307304616309816-0.043307304616309814j),(2000+0j)
1.4495495495495496,(0.9090909090909091-0.09090909090909091j),(4202.387793198604+0j),(0.6271540765014973-0.06271540765014974j),(2899.099099099099+0j),(0.4326544592396903-0.04326544592396903j),(2000+0j)
1.4502502502502503,(0.9090909090909091-0.09090909090909088j),(4206.451576701827+0j),(0.6268510616936901-0.06268510616936901j),(2900.5005005005005+0j),(0.432236478901157-0.04322364789011571j),(2000+0j)
1.450950950950951,(0.9090909090909091-0.09090909090909088j),(4210.5173241309385+0j),(0.6265483395528237-0.06265483395528237j),(2901.901901901902+0j),(0.4318191039760406-0.043181910397604065j),(2000+0j)
1.4516516516516518,(0.9090909090909092-0.09090909090909093j),(4214.585035485938+0j),(0.6262459096550945-0.06262459096550946j),(2903.3033033033034+0j),(0.43140233329571054-0.043140233329571065j),(2000+0j)
1.4523523523523525,(0.9090909090909091-0.09090909090909094j),(4218.654710766824+0j),(0.625943771577516-0.0625943771577516j),(2904.704704704705+0j),(0.4309861656943542-0.04309861656943543j),(2000+0j)
1.4530530530530532,(0.9090909090909091-0.09090909090909088j),(4222.726349973598+0j),(0.6256419248979181-0.06256419248979182j),(2906.1061061061064+0j),(0.4305706000089695-0.04305706000089696j),(2000+0j)
1.4537537537537537,(0.9090909090909092-0.09090909090909091j),(4226.79995310626+0j),(0.6253403691949447-0.06253403691949448j),(2907.5075075075074+0j),(0.43015563507935667-0.04301556350793567j),(2000+0j)
1.4544544544544544,(0.9090909090909091-0.0909090909090909j),(4230.875520164809+0j),(0.6250391040480512-0.06250391040480512j),(2908.908908908909+0j),(0.42974126974810944-0.042974126974810956j),(2000+0j)
1.4551551551551551,(0.9090909090909092-0.09090909090909093j),(4234.953051149248+0j),(0.624738129037503-0.06247381290375031j),(2910.3103103103103+0j),(0.42932750286060783-0.042932750286060785j),(2000+0j)
1.4558558558558559,(0.9090909090909091-0.0909090909090909j),(4239.032546059573+0j),(0.6244374437443744-0.06244374437443742j),(2911.711711711712+0j),(0.4289143332650096-0.04289143332650096j),(2000+0j)
1.4565565565565566,(0.9090909090909092-0.09090909090909094j),(4243.114004895787+0j),(0.624137047750545-0.06241370477505449j),(2913.1131131131133+0j),(0.4285017598122428-0.04285017598122429j),(2000+0j)
1.4572572572572573,(0.9090909090909091-0.0909090909090909j),(4247.1974276578885+0j),(0.6238369406386991-0.06238369406386991j),(2914.5145145145148+0j),(0.42808978135599696-0.0428089781355997j),(2000+0j)
1.4579579579579578,(0.9090909090909088-0.09090909090909087j),(4251.282814345876+0j),(0.6235371219923229-0.0623537121992323j),(2915.915915915916+0j),(0.42767839675271574-0.04276783967527158j),(2000+0j)
1.4586586586586585,(0.9090909090909092-0.09090909090909094j),(4255.370164959753+0j),(0.6232375913957031-0.06232375913957031j),(2917.3173173173172+0j),(0.4272676048615888-0.042726760486158886j),(2000+0j)
1.4593593593593592,(0.9090909090909091-0.0909090909090909j),(4259.459479499519+0j),(0.6229383484339243-0.06229383484339243j),(2918.7187187187183+0j),(0.4268574045445438-0.042685740454454384j),(2000+0j)
1.46006006006006,(0.9090909090909092-0.09090909090909094j),(4263.550757965172+0j),(0.6226393926928686-0.062263939269286854j),(2920.1201201201197+0j),(0.4264477946662387-0.04264477946662387j),(2000+0j)
1.4607607607607607,(0.9090909090909088-0.09090909090909088j),(4267.644000356712+0j),(0.6223407237592121-0.06223407237592123j),(2921.521521521521+0j),(0.42603877409405394-0.0426038774094054j),(2000+0j)
1.4614614614614614,(0.9090909090909092-0.09090909090909091j),(4271.739206674141+0j),(0.6220423412204235-0.062204234122042346j),(2922.9229229229227+0j),(0.4256303416980843-0.04256303416980843j),(2000+0j)
1.462162162162162,(0.9090909090909092-0.09090909090909093j),(4275.836376917458+0j),(0.6217442446647621-0.06217442446647621j),(2924.324324324324+0j),(0.42522249635113124-0.042522249635113134j),(2000+0j)
1.4628628628628628,(0.9090909090909091-0.09090909090909091j),(4279.935511086662+0j),(0.6214464336812769-0.06214464336812768j),(2925.7257257257256+0j),(0.4248152369286956-0.04248152369286956j),(2000+0j)
1.4635635635635635,(0.9090909090909091-0.09090909090909091j),(4284.036609181754+0j),(0.6211489078598033-0.06211489078598032j),(2927.127127127127+0j),(0.42440856230896873-0.04244085623089687j),(2000+0j)
1.4642642642642643,(0.9090909090909091-0.09090909090909091j),(4288.1396712027345+0j),(0.6208516667909613-0.062085166679096124j),(2928.5285285285286+0j),(0.4240024713728262-0.042400247137282625j),(2000+0j)
1.464964964964965,(0.9090909090909091-0.09090909090909091j),(4292.244697149602+0j),(0.6205547100661553-0.06205547100661552j),(2929.92992992993+0j),(0.42359696300381894-0.042359696300381895j),(2000+0j)
1.4656656656656657,(0.9090909090909092-0.09090909090909094j),(4296.3516870223575+0j),(0.6202580372775702-0.06202580372775701j),(2931.3313313313315+0j),(0.42319203608816597-0.04231920360881661j),(2000+0j)
1.4663663663663664,(0.9090909090909091-0.09090909090909091j),(4300.460640821002+0j),(0.6199616480181706-0.061996164801817036j),(2932.732732732733+0j),(0.42278768951474666-0.04227876895147467j),(2000+0j)
1.4670670670670671,(0.9090909090909091-0.0909090909090909j),(4304.571558545533+0j),(0.6196655418816992-0.061966554188169924j),(2934.1341341341345+0j),(0.4223839221750937-0.04223839221750937j),(2000+0j)
1.4677677677677679,(0.9090909090909092-0.09090909090909091j),(4308.684440195952+0j),(0.6193697184626736-0.061936971846267355j),(2935.535535535536+0j),(0.4219807329633845-0.042198073296338456j),(2000+0j)
1.4684684684684686,(0.9090909090909091-0.0909090909090909j),(4312.799285772259+0j),(0.6190741773563859-0.0619074177356386j),(2936.936936936937+0j),(0.4215781207764345-0.04215781207764346j),(2000+0j)
1.4691691691691693,(0.9090909090909092-0.09090909090909093j),(4316.916095274454+0j),(0.6187789181589004-0.06187789181589003j),(2938.3383383383384+0j),(0.4211760845136891-0.042117608451368915j),(2000+0j)
1.46986986986987,(0.9090909090909091-0.09090909090909093j),(4321.034868702537+0j),(0.6184839404670514-0.06184839404670514j),(2939.73973973974+0j),(0.4207746230772161-0.04207746230772161j),(2000+0j)
1.4705705705705707,(0.9090909090909091-0.09090909090909088j),(4325.155606056508+0j),(0.6181892438784413-0.061818924387844136j),(2941.1411411411414+0j),(0.4203737353716988-0.04203737353716988j),(2000+0j)
1.4712712712712712,(0.9090909090909091-0.09090909090909091j),(4329.278307336364+0j),(0.6178948279914398-0.06178948279914398j),(2942.5425425425424+0j),(0.4199734203044281-0.04199734203044281j),(2000+0j)
1.471971971971972,(0.9090909090909092-0.09090909090909091j),(4333.4029725421115+0j),(0.6176006924051808-0.06176006924051808j),(2943.943943943944+0j),(0.4195736767852945-0.04195736767852945j),(2000+0j)
1.4726726726726727,(0.9090909090909091-0.09090909090909091j),(4337.529601673746+0j),(0.6173068367195611-0.0617306836719561j),(2945.3453453453453+0j),(0.41917450372678183-0.04191745037267819j),(2000+0j)
1.4733733733733734,(0.9090909090909091-0.09090909090909091j),(4341.658194731268+0j),(0.6170132605352388-0.06170132605352386j),(2946.746746746747+0j),(0.4187759000439592-0.04187759000439591j),(2000+0j)
1.474074074074074,(0.9090909090909092-0.09090909090909091j),(4345.788751714678+0j),(0.6167199634536318-0.06167199634536319j),(2948.1481481481483+0j),(0.4183778646544738-0.041837786465447384j),(2000+0j)
1.4747747747747748,(0.9090909090909091-0.09090909090909091j),(4349.921272623975+0j),(0.6164269450769148-0.06164269450769149j),(2949.5495495495497+0j),(0.4179803964785431-0.041798039647854314j),(2000+0j)
1.4754754754754753,(0.9090909090909092-0.09090909090909094j),(4354.05575745916+0j),(0.6161342050080179-0.06161342050080179j),(2950.9509509509508+0j),(0.4175834944389483-0.04175834944389484j),(2000+0j)
1.476176176176176,(0.9090909090909092-0.09090909090909093j),(4358.192206220234+0j),(0.6158417428506261-0.06158417428506261j),(2952.352352352352+0j),(0.41718715746102625-0.04171871574610263j),(2000+0j)
1.4768768768768767,(0.9090909090909091-0.09090909090909091j),(4362.330618907195+0j),(0.6155495582091761-0.06155495582091761j),(2953.7537537537537+0j),(0.4167913844726629-0.04167913844726629j),(2000+0j)
1.4775775775775775,(0.9090909090909092-0.09090909090909093j),(4366.470995520044+0j),(0.6152576506888545-0.061525765068885456j),(2955.1551551551547+0j),(0.41639617440428545-0.041639617440428545j),(2000+0j)
1.4782782782782782,(0.9090909090909091-0.09090909090909091j),(4370.613336058781+0j),(0.6149660198955973-0.061496601989559745j),(2956.556556556556+0j),(0.41600152618885544-0.04160015261888554j),(2000+0j)
1.478978978978979,(0.9090909090909092-0.09090909090909088j),(4374.757640523406+0j),(0.614674665436087-0.0614674665436087j),(2957.9579579579577+0j),(0.4156074387618617-0.04156074387618617j),(2000+0j)
1.4796796796796796,(0.9090909090909091-0.0909090909090909j),(4378.903908913919+0j),(0.6143835869177501-0.06143835869177498j),(2959.359359359359+0j),(0.4152139110613126-0.04152139110613126j),(2000+0j)
1.4803803803803803,(0.9090909090909091-0.0909090909090909j),(4383.052141230319+0j),(0.614092783948758-0.061409278394875796j),(2960.7607607607606+0j),(0.4148209420277295-0.04148209420277295j),(2000+0j)
1.481081081081081,(0.9090909090909092-0.09090909090909093j),(4387.202337472608+0j),(0.6138022561380226-0.061380225613802256j),(2962.162162162162+0j),(0.41442853060413926-0.041442853060413926j),(2000+0j)
1.4817817817817818,(0.9090909090909091-0.09090909090909088j),(4391.354497640784+0j),(0.6135120030951958-0.061351200309519585j),(2963.5635635635635+0j),(0.41403667573606734-0.04140366757360674j),(2000+0j)
1.4824824824824825,(0.9090909090909091-0.0909090909090909j),(4395.508621734848+0j),(0.6132220244306673-0.061322202443066735j),(2964.964964964965+0j),(0.41364537637153037-0.04136453763715304j),(2000+0j)
1.4831831831831832,(0.9090909090909091-0.0909090909090909j),(4399.6647097548+0j),(0.6129323197555633-0.061293231975556306j),(2966.3663663663665+0j),(0.41325463146102964-0.04132546314610296j),(2000+0j)
1.483883883883884,(0.9090909090909092-0.09090909090909091j),(4403.8227617006405+0j),(0.6126428886817445-0.06126428886817444j),(2967.767767767768+0j),(0.4128644399575437-0.041286443995754374j),(2000+0j)
1.4845845845845846,(0.9090909090909092-0.09090909090909094j),(4407.982777572368+0j),(0.6123537308218043-0.061235373082180425j),(2969.1691691691694+0j),(0.41247480081652116-0.04124748008165211j),(2000+0j)
1.4852852852852854,(0.9090909090909091-0.09090909090909091j),(4412.144757369983+0j),(0.6120648457890674-0.061206484578906734j),(2970.570570570571+0j),(0.4120857129958742-0.041208571299587424j),(2000+0j)
1.485985985985986,(0.9090909090909091-0.09090909090909091j),(4416.308701093486+0j),(0.6117762331975873-0.06117762331975871j),(2971.9719719719724+0j),(0.4116971754559714-0.041169717545597145j),(2000+0j)
1.4866866866866868,(0.9090909090909091-0.0909090909090909j),(4420.4746087428775+0j),(0.6114878926621452-0.061148789266214525j),(2973.3733733733734+0j),(0.4113091871596304-0.04113091871596305j),(2000+0j)
1.4873873873873875,(0.9090909090909091-0.09090909090909094j),(4424.642480318156+0j),(0.611199823798249-0.061119982379824904j),(2974.774774774775+0j),(0.41092174707211165-0.041092174707211174j),(2000+0j)
1.4880880880880882,(0.9090909090909091-0.09090909090909091j),(4428.812315819323+0j),(0.6109120262221299-0.061091202622212994j),(2976.1761761761763+0j),(0.41053485416111096-0.0410534854161111j),(2000+0j)
1.4887887887887887,(0.9090909090909091-0.09090909090909091j),(4432.984115246377+0j),(0.6106244995507418-0.06106244995507418j),(2977.5775775775774+0j),(0.4101485073967532-0.04101485073967532j),(2000+0j)
1.4894894894894894,(0.9090909090909092-0.09090909090909091j),(4437.15787859932+0j),(0.6103372434017595-0.06103372434017595j),(2978.978978978979+0j),(0.4097627057515846-0.04097627057515846j),(2000+0j)
1.4901901901901902,(0.9090909090909091-0.0909090909090909j),(4441.333605878151+0j),(0.6100502573935771-0.0610050257393577j),(2980.3803803803803+0j),(0.40937744820056654-0.04093774482005666j),(2000+0j)
1.4908908908908909,(0.9090909090909091-0.09090909090909091j),(4445.511297082869+0j),(0.6097635411453057-0.060976354114530576j),(2981.781781781782+0j),(0.4089927337210691-0.040899273372106915j),(2000+0j)
1.4915915915915916,(0.9090909090909092-0.09090909090909094j),(4449.690952213475+0j),(0.6094770942767722-0.060947709427677216j),(2983.1831831831832+0j),(0.40860856129286316-0.04086085612928632j),(2000+0j)
1.4922922922922923,(0.9090909090909092-0.09090909090909094j),(4453.872571269969+0j),(0.6091909164085177-0.06091909164085177j),(2984.5845845845847+0j),(0.40822492989811454-0.04082249298981146j),(2000+0j)
1.492992992992993,(0.9090909090909091-0.0909090909090909j),(4458.05615425235+0j),(0.6089050071617956-0.06089050071617956j),(2985.985985985986+0j),(0.407841838521377-0.0407841838521377j),(2000+0j)
1.4936936936936935,(0.9090909090909092-0.0909090909090909j),(4462.241701160619+0j),(0.6086193661585702-0.06086193661585702j),(2987.387387387387+0j),(0.40745928614958554-0.04074592861495855j),(2000+0j)
1.4943943943943943,(0.9090909090909091-0.09090909090909093j),(4466.429211994777+0j),(0.6083339930215139-0.06083339930215138j),(2988.7887887887887+0j),(0.40707727177204933-0.04070772717720494j),(2000+0j)
1.495095095095095,(0.9090909090909092-0.09090909090909091j),(4470.618686754822+0j),(0.6080488873740081-0.06080488873740079j),(2990.19019019019+0j),(0.40669579438044584-0.040669579438044584j),(2000+0j)
1.4957957957957957,(0.9090909090909092-0.09090909090909093j),(4474.810125440756+0j),(0.6077640488401381-0.06077640488401381j),(2991.591591591591+0j),(0.4063148529688134-0.04063148529688135j),(2000+0j)
1.4964964964964964,(0.9090909090909092-0.09090909090909091j),(4479.003528052576+0j),(0.6074794770446944-0.060747947704469424j),(2992.9929929929926+0j),(0.40593444653354505-0.04059344465335451j),(2000+0j)
1.4971971971971971,(0.9090909090909091-0.0909090909090909j),(4483.198894590285+0j),(0.60719517161317-0.06071951716131701j),(2994.394394394394+0j),(0.4055545740733815-0.04055545740733816j),(2000+0j)
1.4978978978978978,(0.9090909090909092-0.09090909090909093j),(4487.3962250538825+0j),(0.6069111321717577-0.06069111321717577j),(2995.7957957957956+0j),(0.4051752345894052-0.040517523458940524j),(2000+0j)
1.4985985985985986,(0.9090909090909091-0.09090909090909093j),(4491.595519443366+0j),(0.6066273583473503-0.06066273583473502j),(2997.197197197197+0j),(0.4047964270850331-0.04047964270850332j),(2000+0j)
1.4992992992992993,(0.9090909090909092-0.09090909090909094j),(4495.796777758739+0j),(0.6063438497675379-0.060634384976753795j),(2998.5985985985985+0j),(0.4044181505660103-0.04044181505660103j),(2000+0j)
1.5,(0.9090909090909091-0.0909090909090909j),(4500+0j),(0.606060606060606-0.060606060606060594j),(3000+0j),(0.40404040404040403-0.04040404040404041j),(2000+0j)
